,TF,target
0,Arid3a,Suclg2
1,Ascl1,9230110C19Rik
2,Ascl1,Cd9
3,Ascl1,Clcn5
4,Ascl1,Fam155a
5,Ascl1,Fign
6,Ascl1,Foxj3
7,Ascl1,Herc1
8,Ascl1,Larp4
9,Ascl1,March8
10,Ascl1,Net1
11,Ascl1,Pard3b
12,Ascl1,Rbpj
13,Ascl1,Ssfa2
14,Atf3,Bahcc1
15,Atf3,Bambi
16,Atf3,C77080
17,Atf3,Cacna2d1
18,Atf3,Camk2n2
19,Atf3,Cast
20,Atf3,Cd200
21,Atf3,Cdkn1a
22,Atf3,Celf2
23,Atf3,Chd6
24,Atf3,Gdap1l1
25,Atf3,Grasp
26,Atf3,Hspbap1
27,Atf3,Ifitm2
28,Atf3,Klc3
29,Atf3,Lamb1
30,Atf3,Pdlim5
31,Atf3,Pygl
32,Atf3,Rgs17
33,Atf3,Shf
34,Atf3,Snn
35,Atf3,Son
36,Atf3,St8sia2
37,Atf3,Tia1
38,Atf3,Ubtd2
39,Atf3,Usf3
40,Atf3,Zbtb7b
41,Atf4,Ctbp2
42,Atf4,Eif2b2
43,Atf4,Grb10
44,Atf6b,Erp44
45,Atf6b,Spred1
46,Atf6b,Tacc2
47,Atf6b,Wdr44
48,Bach1,C2cd2
49,Bach1,Mical2
50,Bach1,Phf13
51,Bach1,Usp18
52,Bclaf1,Atp2b1
53,Bclaf1,Atxn1
54,Bclaf1,Bbx
55,Bclaf1,Capza2
56,Bclaf1,Cpsf2
57,Bclaf1,Ebag9
58,Bclaf1,Foxp1
59,Bclaf1,Gpbp1l1
60,Bclaf1,Rasa1
61,Bclaf1,Sbno1
62,Bclaf1,Scaf11
63,Bclaf1,Steap2
64,Bclaf1,Thrap3
65,Bclaf1,Tob1
66,Bclaf1,Zfp711
67,Cdx2,4930430F08Rik
68,Cdx2,Apbb2
69,Cdx2,B3gnt3
70,Cdx2,Bbc3
71,Cdx2,Cacna1c
72,Cdx2,Clip1
73,Cdx2,Gabpb1
74,Cdx2,Gm7334
75,Cdx2,Haus1
76,Cdx2,Igf2bp1
77,Cdx2,Kcnc2
78,Cdx2,Lmo1
79,Cdx2,Mapt
80,Cdx2,Slc4a8
81,Cdx2,Stx3
82,Cdx2,Sulf1
83,Cdx2,Trim67
84,Cdx2,Xiap
85,Cdx2,Zfp131
86,Cebpa,Acap2
87,Cebpa,Adar
88,Cebpa,Agl
89,Cebpa,Agtpbp1
90,Cebpa,B4galt4
91,Cebpa,Cd9
92,Cebpa,Deaf1
93,Cebpa,Dhx40
94,Cebpa,Fam102a
95,Cebpa,Fbxl19
96,Cebpa,Fgfr2
97,Cebpa,Hdac7
98,Cebpa,Kdm3a
99,Cebpa,Lad1
100,Cebpa,Mafk
101,Cebpa,Net1
102,Cebpa,Noc4l
103,Cebpa,Rbm47
104,Cebpa,Slc43a2
105,Cebpa,Them4
106,Cebpa,Topbp1
107,Cebpa,Topors
108,Cebpa,Usp36
109,Cebpa,Zfp438
110,Cebpa,Zfp839
111,Cebpb,Bace2
112,Cebpb,Bnip3
113,Cebpb,Bora
114,Cebpb,Cln6
115,Cebpb,Coch
116,Cebpb,Ctnna2
117,Cebpb,Cyb5r1
118,Cebpb,Engase
119,Cebpb,Fam118a
120,Cebpb,Foxj2
121,Cebpb,Hmgxb4
122,Cebpb,Idh1
123,Cebpb,Igsf1
124,Cebpb,Mapk14
125,Cebpb,Med16
126,Cebpb,Naga
127,Cebpb,Pcnx
128,Cebpb,Pign
129,Cebpb,Ppm1b
130,Cebpb,Ppm1k
131,Cebpb,Prss23
132,Cebpb,Ptprz1
133,Cebpb,Rb1cc1
134,Cebpb,Selenbp1
135,Cebpb,Son
136,Cebpb,Stau1
137,Cebpb,Syn2
138,Cebpb,Tax1bp1
139,Cebpb,Tmem57
140,Cebpb,Ubac2
141,Cebpb,Zfyve16
142,Cebpg,Cds1
143,Cebpg,Mfsd6
144,Cebpg,Pde7a
145,Cebpg,Rfx3
146,Cebpg,Tbl1x
147,Churc1,Fam129a
148,Churc1,Ptpn13
149,Clock,Galnt1
150,Clock,P2ry1
151,Clock,Qk
152,Cux1,Naa50
153,Deaf1,Arf6
154,Deaf1,Azin1
155,Deaf1,Cab39
156,Deaf1,Fbxw7
157,Deaf1,Gng12
158,Deaf1,Map3k2
159,Deaf1,Pkn2
160,Deaf1,Ppp2r3a
161,Deaf1,Snrk
162,Deaf1,Snx13
163,Deaf1,Snx16
164,Deaf1,Tmem229a
165,Dido1,Cacna2d1
166,Dido1,Cdh2
167,Dido1,Cul2
168,Dido1,Hook1
169,Dido1,Luzp1
170,Dido1,Mpdz
171,Dido1,Pcmtd1
172,Dido1,Pik3r1
173,Dido1,Ptar1
174,Dido1,Rnf217
175,Dido1,Slc4a7
176,Dido1,Zfp518a
177,E2f1,2010300C02Rik
178,E2f1,4833418N02Rik
179,E2f1,4931428F04Rik
180,E2f1,5031439G07Rik
181,E2f1,Abt1
182,E2f1,Afap1
183,E2f1,Akap1
184,E2f1,Ankrd13d
185,E2f1,Arhgef7
186,E2f1,Arvcf
187,E2f1,Asb8
188,E2f1,Atad1
189,E2f1,B4galt6
190,E2f1,BC052040
191,E2f1,Btbd19
192,E2f1,Cadps
193,E2f1,Casp3
194,E2f1,Casz1
195,E2f1,Clpb
196,E2f1,Cmip
197,E2f1,Col11a2
198,E2f1,Crot
199,E2f1,Csrp1
200,E2f1,Cyb5r1
201,E2f1,Dhx8
202,E2f1,Dlg4
203,E2f1,E130309D02Rik
204,E2f1,Faf2
205,E2f1,Fah
206,E2f1,Fam198a
207,E2f1,Fam60a
208,E2f1,Gart
209,E2f1,Gpx7
210,E2f1,Ints2
211,E2f1,Ints6
212,E2f1,Kdm4c
213,E2f1,Lmnb2
214,E2f1,Map2k1
215,E2f1,Mcm3
216,E2f1,Mtmr3
217,E2f1,Nhlrc3
218,E2f1,Pak7
219,E2f1,Pcdh9
220,E2f1,Pola1
221,E2f1,Ppp1r14a
222,E2f1,Prkag2
223,E2f1,Rhbdd3
224,E2f1,Rock2
225,E2f1,Rpl31
226,E2f1,Rrn3
227,E2f1,Serpina1b
228,E2f1,Sh3bp2
229,E2f1,Tbcel
230,E2f1,Tmem64
231,E2f1,Tnfaip1
232,E2f1,Ube3a
233,E2f1,Ubxn7
234,E2f1,Usp34
235,E2f1,Utp3
236,Egr1,Arhgef16
237,Egr1,Arih2
238,Egr1,Atad1
239,Egr1,Bclaf1
240,Egr1,Btf3
241,Egr1,Cdkn2aip
242,Egr1,Ctcf
243,Egr1,Dusp1
244,Egr1,Efcab2
245,Egr1,Fam135a
246,Egr1,Fam53b
247,Egr1,Fbxw7
248,Egr1,Gm11837
249,Egr1,Ier2
250,Egr1,Nab2
251,Egr1,Nr1h2
252,Egr1,Pcmtd1
253,Egr1,Rap1gds1
254,Egr1,Rgs17
255,Egr1,Rpl34
256,Egr1,Rps16
257,Egr1,Rsbn1l
258,Egr1,Skap2
259,Egr1,Smap1
260,Egr1,Tmem41b
261,Egr1,Tsc22d1
262,Egr1,Tspan12
263,Egr1,Zc3h13
264,Egr1,Zcchc6
265,Egr1,Zcchc7
266,Egr1,Zfp131
267,Egr1,Zfp62
268,Elf1,1110037F02Rik
269,Elf1,Akirin2
270,Elf1,Ankrd12
271,Elf1,Arhgap21
272,Elf1,Armt1
273,Elf1,B3gat3
274,Elf1,Bnip3l
275,Elf1,Brwd3
276,Elf1,Casz1
277,Elf1,Ccdc122
278,Elf1,Ccnl1
279,Elf1,Cmtm7
280,Elf1,Cstf3
281,Elf1,Cyfip1
282,Elf1,Dmtf1
283,Elf1,Dnajc11
284,Elf1,Efcab2
285,Elf1,Fam208a
286,Elf1,Fam214a
287,Elf1,Flcn
288,Elf1,Gabpb1
289,Elf1,Gclc
290,Elf1,Gm11837
291,Elf1,Gpr160
292,Elf1,Hspa4
293,Elf1,Il3ra
294,Elf1,Ino80
295,Elf1,Ints12
296,Elf1,Krr1
297,Elf1,Lancl3
298,Elf1,Lhx1
299,Elf1,Lrrc58
300,Elf1,Mdm4
301,Elf1,Myl12b
302,Elf1,Mypop
303,Elf1,Nhp2
304,Elf1,Nr2f2
305,Elf1,Nsd1
306,Elf1,Ostf1
307,Elf1,Pam
308,Elf1,Pard3b
309,Elf1,Pbrm1
310,Elf1,Pfn2
311,Elf1,Ppih
312,Elf1,Raly
313,Elf1,Rap1a
314,Elf1,Rbm45
315,Elf1,Rmdn1
316,Elf1,Rnf111
317,Elf1,Rnft1
318,Elf1,Rsf1
319,Elf1,Rtn4rl1
320,Elf1,Scaf11
321,Elf1,Slitrk6
322,Elf1,Snrpe
323,Elf1,Sox6
324,Elf1,Spry2
325,Elf1,Thra
326,Elf1,Thrap3
327,Elf1,Tm9sf2
328,Elf1,Tmem126b
329,Elf1,Tmem260
330,Elf1,Trim26
331,Elf1,Tsc22d1
332,Elf1,Ube2l3
333,Elf1,Ube2v2
334,Elf1,Ubxn7
335,Elf1,Usp45
336,Elf1,Wdr37
337,Elf1,Wdr48
338,Elf1,Wnk1
339,Elf1,Zbtb1
340,Elf1,Zfp626
341,Elf1,Zfp677
342,Elf1,Zfp800
343,Elf2,Atp6v1d
344,Elf2,Cacna2d1
345,Elf2,Cars2
346,Elf2,Ccdc126
347,Elf2,Cnot6l
348,Elf2,Ddx10
349,Elf2,Dr1
350,Elf2,Exoc2
351,Elf2,Gapvd1
352,Elf2,Gnl2
353,Elf2,Grb10
354,Elf2,Ift22
355,Elf2,Luzp1
356,Elf2,Mapre3
357,Elf2,Mcl1
358,Elf2,Mpped2
359,Elf2,Pcbp1
360,Elf2,Phip
361,Elf2,Polr3h
362,Elf2,Prpf3
363,Elf2,Rab14
364,Elf2,Rbm34
365,Elf2,Rpf2
366,Elf2,Sall2
367,Elf2,Slc20a2
368,Elf2,Srd5a3
369,Elf2,Stxbp5l
370,Elf2,Tmem167
371,Elf2,Tram1l1
372,Elf2,Uimc1
373,Elf2,Usp38
374,Elf2,Zswim6
375,Elf3,Atxn7l3b
376,Elf3,Bax
377,Elf3,Bola2
378,Elf3,Btf3
379,Elf3,Camsap2
380,Elf3,Cbfb
381,Elf3,Cfap20
382,Elf3,Chchd5
383,Elf3,Cited2
384,Elf3,Ckap5
385,Elf3,Clcn3
386,Elf3,Cpeb4
387,Elf3,Dlg1
388,Elf3,Eef1a1
389,Elf3,Eif3m
390,Elf3,Eif4h
391,Elf3,Exoc5
392,Elf3,Extl3
393,Elf3,Fbxl20
394,Elf3,Gjc1
395,Elf3,Golga5
396,Elf3,Hepacam2
397,Elf3,Ino80d
398,Elf3,Irf2bpl
399,Elf3,Isca1
400,Elf3,Lmo4
401,Elf3,Lsg1
402,Elf3,Man1b1
403,Elf3,Mapre2
404,Elf3,Med7
405,Elf3,Mmgt1
406,Elf3,Msl3
407,Elf3,Mta2
408,Elf3,Mtfr1
409,Elf3,Nckap5l
410,Elf3,Nedd4
411,Elf3,Parp12
412,Elf3,Pax6
413,Elf3,Pcna
414,Elf3,Pdcd2
415,Elf3,Phkg2
416,Elf3,Pianp
417,Elf3,Plxdc2
418,Elf3,Pnisr
419,Elf3,Polr1d
420,Elf3,Ppid
421,Elf3,Ppp1r11
422,Elf3,Ppp2ca
423,Elf3,Prkdc
424,Elf3,Prpf6
425,Elf3,R3hcc1l
426,Elf3,Rab6a
427,Elf3,Rbck1
428,Elf3,Rnf167
429,Elf3,Rock1
430,Elf3,Rpl21
431,Elf3,Rps19
432,Elf3,Rtf1
433,Elf3,Sdhaf2
434,Elf3,Serinc1
435,Elf3,Sharpin
436,Elf3,Slc25a40
437,Elf3,Spopl
438,Elf3,Srek1
439,Elf3,Ssbp2
440,Elf3,Syt4
441,Elf3,Tbpl1
442,Elf3,Tspyl1
443,Elf3,Uchl5
444,Elf3,Zfp324
445,Elf3,Zfp810
446,Elf3,Zmym4
447,Elf3,Zrsr1
448,Elf4,AI314180
449,Elf4,Slc11a2
450,Elf4,Ube3a
451,Elk1,5730508B09Rik
452,Elk1,Adgrg1
453,Elk1,Cacna1c
454,Elk1,Casz1
455,Elk1,Cd40
456,Elk1,Cer1
457,Elk1,Coro1c
458,Elk1,Dmxl1
459,Elk1,Dpy19l1
460,Elk1,Dpy19l4
461,Elk1,Eif1b
462,Elk1,Eif4ebp2
463,Elk1,Exoc2
464,Elk1,Flnc
465,Elk1,Fmr1
466,Elk1,Glg1
467,Elk1,Igfbp4
468,Elk1,Kcnh8
469,Elk1,Kdm6a
470,Elk1,Klhl36
471,Elk1,Lcorl
472,Elk1,Lig3
473,Elk1,Lipt2
474,Elk1,Mgat1
475,Elk1,Mtif2
476,Elk1,Nasp
477,Elk1,Ncald
478,Elk1,Ncaph2
479,Elk1,Nedd9
480,Elk1,Nmt2
481,Elk1,Olfm1
482,Elk1,Phc2
483,Elk1,Rab14
484,Elk1,Rest
485,Elk1,Setd2
486,Elk1,Sfr1
487,Elk1,Sh3pxd2a
488,Elk1,Slc35g2
489,Elk1,Slc38a8
490,Elk1,Smad1
491,Elk1,Tab3
492,Elk1,Tgfa
493,Elk1,Thoc7
494,Elk1,Tmem33
495,Elk1,Upf1
496,Elk1,Usp12
497,Elk1,Zdhhc13
498,Elk1,Zfp111
499,Elk1,Zfp593
500,Elk1,Zfp800
501,Elk1,Zwint
502,Elk3,Ebag9
503,Elk3,Enpp2
504,Elk3,Higd1a
505,Elk3,Il6st
506,Elk3,Ldlr
507,Elk3,Mbnl1
508,Elk3,Metap1
509,Elk3,Mpp6
510,Elk3,Nr6a1
511,Elk3,Ptpdc1
512,Elk3,Rnf217
513,Elk3,Tmem229b
514,Elk3,Tspo
515,Elk4,4933427D14Rik
516,Elk4,Abce1
517,Elk4,Aco1
518,Elk4,Actn1
519,Elk4,Amfr
520,Elk4,Ap3b1
521,Elk4,Armcx4
522,Elk4,Atxn7l3b
523,Elk4,Bik
524,Elk4,C530008M17Rik
525,Elk4,Capn5
526,Elk4,Casp3
527,Elk4,Cggbp1
528,Elk4,Cln5
529,Elk4,Cobll1
530,Elk4,Cops7b
531,Elk4,Cstf2t
532,Elk4,E130308A19Rik
533,Elk4,Elk3
534,Elk4,Enpep
535,Elk4,Fbxo11
536,Elk4,Fry
537,Elk4,Grina
538,Elk4,Igf2bp3
539,Elk4,Kdm3b
540,Elk4,Klhl28
541,Elk4,Kmt2c
542,Elk4,Lhfpl2
543,Elk4,Lrrc8b
544,Elk4,Map3k9
545,Elk4,Mcl1
546,Elk4,Mplkip
547,Elk4,Ncor1
548,Elk4,Nr6a1
549,Elk4,Pianp
550,Elk4,Plekhm1
551,Elk4,Prom1
552,Elk4,Ptpn18
553,Elk4,Rad17
554,Elk4,Rbfox3
555,Elk4,Rev1
556,Elk4,Rfesd
557,Elk4,Scaper
558,Elk4,Sf3a3
559,Elk4,Sft2d3
560,Elk4,Sgf29
561,Elk4,Sorbs2
562,Elk4,Stx16
563,Elk4,Supt3
564,Elk4,Syt11
565,Elk4,Tbpl1
566,Elk4,Tceal8
567,Elk4,Tex30
568,Elk4,Tipin
569,Elk4,Tmem106b
570,Elk4,Trpc4
571,Elk4,Ube3c
572,Elk4,Ubr5
573,Elk4,Usp6nl
574,Elk4,Wdfy3
575,Elk4,Wdr12
576,Elk4,Ybey
577,Elk4,Zfp24
578,Elk4,Zfp523
579,Elk4,Zfp707
580,Ep300,Asns
581,Ep300,Birc6
582,Ep300,Ccdc77
583,Ep300,Ccnc
584,Ep300,Chordc1
585,Ep300,Ercc3
586,Ep300,Erlin2
587,Ep300,Nfatc4
588,Ep300,Pdcd10
589,Ep300,Scaf8
590,Ep300,Srp19
591,Ep300,Stk3
592,Ep300,Usp8
593,Ep300,Usp9x
594,Ep300,Zc3h15
595,Ep300,Zfp646
596,Erf,1600020E01Rik
597,Erf,Abhd17b
598,Erf,Aff4
599,Erf,Ahi1
600,Erf,Aplp2
601,Erf,Asap1
602,Erf,Asic2
603,Erf,Cdkn2aip
604,Erf,Cept1
605,Erf,Clstn2
606,Erf,Copb1
607,Erf,Cpne3
608,Erf,Enox1
609,Erf,Fam204a
610,Erf,Fam208b
611,Erf,Frs2
612,Erf,Fxr1
613,Erf,Hdac5
614,Erf,Hhex
615,Erf,Homer1
616,Erf,Ipo5
617,Erf,Itpripl1
618,Erf,Lhx1os
619,Erf,Map9
620,Erf,Mtus2
621,Erf,Orc4
622,Erf,Pcbp2
623,Erf,Phtf1os
624,Erf,Prkaa1
625,Erf,Sema4c
626,Erf,Sertad2
627,Erf,Tax1bp1
628,Erf,Tle1
629,Erf,Tlk2
630,Erf,Tmem229a
631,Erf,Txndc12
632,Erf,Vps4a
633,Erf,Ypel5
634,Erf,Zbtb25
635,Erf,Zfp512
636,Erf,Zfp575
637,Erf,Zfp688
638,Erf,Zfp84
639,Ets2,Atxn2
640,Ets2,Ctif
641,Ets2,Dgkd
642,Ets2,Eif3j1
643,Ets2,Fstl1
644,Ets2,Grik5
645,Ets2,Igf2
646,Ets2,Kansl1
647,Ets2,Krt10
648,Ets2,Mettl15
649,Ets2,Mns1
650,Ets2,Ncald
651,Ets2,Nr1d2
652,Ets2,Oma1
653,Ets2,Pdzd4
654,Ets2,Rufy1
655,Ets2,Smad1
656,Ets2,Tdrkh
657,Ets2,Ttc3
658,Ets2,Ube2w
659,Ets2,Unc80
660,Ets2,Usp37
661,Ets2,Usp9x
662,Ets2,Vldlr
663,Ets2,Wdr43
664,Ets2,Xpo6
665,Ets2,Zc2hc1a
666,Ets2,Zfp592
667,Etv1,Armt1
668,Etv1,Atxn7l3b
669,Etv1,Baz2b
670,Etv1,Carf
671,Etv1,Cisd2
672,Etv1,Ddx59
673,Etv1,Dgcr8
674,Etv1,Dr1
675,Etv1,Eif3e
676,Etv1,Faxc
677,Etv1,Foxp1
678,Etv1,Gabpb1
679,Etv1,Grb10
680,Etv1,H2afv
681,Etv1,Klf6
682,Etv1,Lclat1
683,Etv1,Lmbrd1
684,Etv1,Lrrc58
685,Etv1,Lurap1l
686,Etv1,Magi3
687,Etv1,Nsa2
688,Etv1,Pex13
689,Etv1,Pnp
690,Etv1,Pou3f4
691,Etv1,Rgs17
692,Etv1,Rnf138
693,Etv1,Runx1t1
694,Etv1,Serinc1
695,Etv1,Sfxn2
696,Etv1,Spg20
697,Etv1,Thumpd2
698,Etv1,Tle1
699,Etv1,Usp3
700,Etv1,Vps4b
701,Etv1,Wsb1
702,Etv3,Bdnf
703,Etv3,Elk4
704,Etv3,Mbd5
705,Etv3,Mpp5
706,Etv3,Tcf4
707,Etv4,Abi2
708,Etv4,Aim1l
709,Etv4,Asb7
710,Etv4,Atp11b
711,Etv4,Cacnb1
712,Etv4,Car9
713,Etv4,Casc3
714,Etv4,Chn2
715,Etv4,Clcn3
716,Etv4,Cyth3
717,Etv4,Dab1
718,Etv4,Dgcr8
719,Etv4,Dusp16
720,Etv4,Gaa
721,Etv4,Gle1
722,Etv4,Igf2bp1
723,Etv4,Jarid2
724,Etv4,Lrch1
725,Etv4,Lysmd3
726,Etv4,Map3k6
727,Etv4,Med14
728,Etv4,Mlec
729,Etv4,Nsg1
730,Etv4,Pip4k2a
731,Etv4,Rarg
732,Etv4,Runx1
733,Etv4,Rwdd2b
734,Etv4,Scrib
735,Etv4,Sh2b3
736,Etv4,Sirt1
737,Etv4,Slc52a3
738,Etv4,Smim14
739,Etv4,Tm9sf4
740,Etv4,Tnfrsf21
741,Etv4,Txnl4a
742,Etv4,Ulk2
743,Etv4,Zfp827
744,Etv4,Zfx
745,Etv5,2300009A05Rik
746,Etv5,Amfr
747,Etv5,Ankrd28
748,Etv5,Apc
749,Etv5,Aplp2
750,Etv5,Btg3
751,Etv5,Cast
752,Etv5,Dnttip2
753,Etv5,Dram2
754,Etv5,Dusp22
755,Etv5,Dusp6
756,Etv5,Fam160a2
757,Etv5,Fam160b1
758,Etv5,Fbxl3
759,Etv5,Fbxw7
760,Etv5,Fnbp1l
761,Etv5,Frs2
762,Etv5,Hdlbp
763,Etv5,Jag1
764,Etv5,Lamb1
765,Etv5,Lancl3
766,Etv5,Lbr
767,Etv5,Map3k3
768,Etv5,Mfap3
769,Etv5,Nr2f2
770,Etv5,Pbx3
771,Etv5,Pctp
772,Etv5,Pgrmc2
773,Etv5,Ppig
774,Etv5,Prkacb
775,Etv5,Pygb
776,Etv5,Rab11fip4
777,Etv5,Rbm12b2
778,Etv5,Sec61a2
779,Etv5,Skap2
780,Etv5,Slc16a2
781,Etv5,Spata1
782,Etv5,Stam
783,Etv5,Ubn2
784,Etv5,Ulk4
785,Etv5,Usp6nl
786,Etv5,Xk
787,Etv5,Ythdc1
788,Etv5,Zbtb11
789,Etv5,Zdhhc3
790,Etv5,Zfp560
791,Fev,1110012L19Rik
792,Fev,Atp1b3
793,Fev,Btf3
794,Fev,Cab39
795,Fev,Chgb
796,Fev,Cops2
797,Fev,Eef2
798,Fev,Eif1
799,Fev,Eif3e
800,Fev,Errfi1
801,Fev,Foxp1
802,Fev,Gnao1
803,Fev,Grb10
804,Fev,Gspt1
805,Fev,Gtf2e2
806,Fev,Hmga2
807,Fev,Hmgn3
808,Fev,Hnrnpk
809,Fev,Irf2bpl
810,Fev,Maff
811,Fev,Map1b
812,Fev,Mpped2
813,Fev,Nipbl
814,Fev,Nono
815,Fev,Pabpc1
816,Fev,Pafah1b1
817,Fev,Pax6
818,Fev,Pdcd10
819,Fev,Peli1
820,Fev,Phip
821,Fev,Ppp1r14c
822,Fev,Rab14
823,Fev,Rap1a
824,Fev,Rpl21
825,Fev,Runx1t1
826,Fev,Sept7
827,Fev,Serpini1
828,Fev,Spop
829,Fev,Tax1bp1
830,Fev,Tox3
831,Fev,Tpbg
832,Fev,Tsc22d1
833,Fev,Ube3a
834,Fev,Usp34
835,Fev,Wdr12
836,Fos,AI467606
837,Fos,Abl1
838,Fos,Aldoa
839,Fos,Arc
840,Fos,Arhgef16
841,Fos,Baiap2l1
842,Fos,Chgb
843,Fos,Clcn5
844,Fos,Dusp1
845,Fos,Egr1
846,Fos,Errfi1
847,Fos,Fosb
848,Fos,Fxyd6
849,Fos,Gnao1
850,Fos,Gpx3
851,Fos,H3f3b
852,Fos,Hhex
853,Fos,Ier2
854,Fos,Irf2bpl
855,Fos,Junb
856,Fos,Jund
857,Fos,Kcnmb2
858,Fos,Lgals3bp
859,Fos,Malat1
860,Fos,Mapre2
861,Fos,Med30
862,Fos,Npepl1
863,Fos,Pak3
864,Fos,Pank1
865,Fos,Pcsk2
866,Fos,Ppard
867,Fos,Prdm2
868,Fos,Rad21
869,Fos,Samd4b
870,Fos,Slc39a11
871,Fos,Surf4
872,Fos,Tet3
873,Fos,Tsc22d1
874,Fos,Ttr
875,Fos,Ubc
876,Fos,Vim
877,Fos,Zbtb20
878,Fos,Zfyve16
879,Fosb,C1qtnf6
880,Fosb,Canx
881,Fosb,Cbln1
882,Fosb,Fbln2
883,Fosb,Frzb
884,Fosb,Gns
885,Fosb,Igf2r
886,Fosb,Mfsd7b
887,Fosb,Naga
888,Fosb,Nrde2
889,Fosb,Prkacb
890,Fosb,Sept9
891,Fosb,Sfmbt1
892,Fosb,Sfswap
893,Fosb,Slc38a4
894,Fosb,Tmem181a
895,Fosb,Trdmt1
896,Foxa2,4930579G24Rik
897,Foxa2,Acsl1
898,Foxa2,Arg1
899,Foxa2,Arx
900,Foxa2,Bex2
901,Foxa2,Foxp1
902,Foxa2,Grb10
903,Foxa2,Hnrnpk
904,Foxa2,Irf2bpl
905,Foxa2,Junb
906,Foxa2,Map1b
907,Foxa2,Mfap4
908,Foxa2,Mras
909,Foxa2,Nptx1
910,Foxa2,Peg3
911,Foxa2,Rpl7
912,Foxa2,Smarce1
913,Foxa2,Tsc22d1
914,Foxa3,Arhgef10l
915,Foxa3,Arhgef2
916,Foxa3,Bcar1
917,Foxa3,Bcl7a
918,Foxa3,Btg2
919,Foxa3,Cacna2d1
920,Foxa3,Camk2n1
921,Foxa3,Casp6
922,Foxa3,Casz1
923,Foxa3,Cd63
924,Foxa3,Cdk4
925,Foxa3,Cdkn1a
926,Foxa3,Chd4
927,Foxa3,Cnot6l
928,Foxa3,D5Ertd579e
929,Foxa3,Dopey2
930,Foxa3,Eml5
931,Foxa3,Ezh2
932,Foxa3,Fam168a
933,Foxa3,Foxp1
934,Foxa3,Foxp4
935,Foxa3,Fus
936,Foxa3,Grasp
937,Foxa3,Gse1
938,Foxa3,Gspt1
939,Foxa3,Hnrnph3
940,Foxa3,Hpca
941,Foxa3,Ifitm2
942,Foxa3,Igfbpl1
943,Foxa3,Igsf21
944,Foxa3,Irs4
945,Foxa3,Kcnh2
946,Foxa3,Kcnh8
947,Foxa3,Kdm1a
948,Foxa3,Klhdc8a
949,Foxa3,Krt8
950,Foxa3,Ldb1
951,Foxa3,Lmna
952,Foxa3,Lrrc42
953,Foxa3,Miat
954,Foxa3,Mmd2
955,Foxa3,Nab2
956,Foxa3,Neurod2
957,Foxa3,Neurog3
958,Foxa3,Nup50
959,Foxa3,Pabpc1
960,Foxa3,Pcbp4
961,Foxa3,Pgm1
962,Foxa3,Plekhm1
963,Foxa3,Ppib
964,Foxa3,Ppm1f
965,Foxa3,Ppp3ca
966,Foxa3,Prox1
967,Foxa3,Ptma
968,Foxa3,Rab6a
969,Foxa3,Rbfox3
970,Foxa3,Rgs17
971,Foxa3,Runx1t1
972,Foxa3,Sept7
973,Foxa3,Setd5
974,Foxa3,Setd7
975,Foxa3,Shf
976,Foxa3,Shroom3
977,Foxa3,Slc16a5
978,Foxa3,Slc35d3
979,Foxa3,Smarca5
980,Foxa3,Sox4
981,Foxa3,St8sia2
982,Foxa3,Sulf2
983,Foxa3,Sult2b1
984,Foxa3,Tead2
985,Foxa3,Tecr
986,Foxa3,Tmem63b
987,Foxa3,Tmsb4x
988,Foxa3,Tox3
989,Foxa3,Tpm4
990,Foxa3,Trim13
991,Foxa3,Tspan12
992,Foxa3,Vasp
993,Foxa3,Vps37d
994,Foxa3,Zcchc11
995,Foxo1,1600020E01Rik
996,Foxo1,Arid1a
997,Foxo1,Arid4a
998,Foxo1,Coa7
999,Foxo1,D630045J12Rik
1000,Foxo1,Ehmt1
1001,Foxo1,Epb41l2
1002,Foxo1,Epb41l4a
1003,Foxo1,Eri3
1004,Foxo1,Fbxl12
1005,Foxo1,Fbxw11
1006,Foxo1,Gab1
1007,Foxo1,Gnaq
1008,Foxo1,Gpc3
1009,Foxo1,H3f3b
1010,Foxo1,Jak1
1011,Foxo1,Lypla2
1012,Foxo1,Map3k2
1013,Foxo1,Mat2a
1014,Foxo1,Mink1
1015,Foxo1,Morc2a
1016,Foxo1,Mrpl52
1017,Foxo1,Mt3
1018,Foxo1,Nek7
1019,Foxo1,Nf1
1020,Foxo1,Nmt2
1021,Foxo1,Nptx1
1022,Foxo1,Ophn1
1023,Foxo1,Pam
1024,Foxo1,Pard3b
1025,Foxo1,Pcgf2
1026,Foxo1,Pja2
1027,Foxo1,Prkaa1
1028,Foxo1,Ptprr
1029,Foxo1,Purb
1030,Foxo1,Rap1b
1031,Foxo1,Rdx
1032,Foxo1,Rev3l
1033,Foxo1,Sec31a
1034,Foxo1,Slc15a4
1035,Foxo1,Slc30a4
1036,Foxo1,Ssbp2
1037,Foxo1,Supt3
1038,Foxo1,Taf15
1039,Foxo1,Tmem42
1040,Foxo1,Usp1
1041,Foxo1,Xpo6
1042,Foxo1,Yeats2
1043,Foxo1,Zfp105
1044,Foxo1,Zfp462
1045,Foxo1,Zfp523
1046,Gabpa,Abhd5
1047,Gabpa,Acsl3
1048,Gabpa,Bmpr1a
1049,Gabpa,Errfi1
1050,Gabpa,Larp4
1051,Gabpa,Napepld
1052,Gabpb1,Actr2
1053,Gabpb1,Aggf1
1054,Gabpb1,Ammecr1
1055,Gabpb1,Dck
1056,Gabpb1,Kdm3b
1057,Gabpb1,Map3k1
1058,Gabpb1,Pdzd4
1059,Gabpb1,Pnpla8
1060,Gabpb1,Ppp3ca
1061,Gabpb1,Stk38l
1062,Gabpb1,Zc3h13
1063,Gabpb1,Zcchc11
1064,Gabpb1,Zkscan8
1065,Gata4,AW549877
1066,Gata4,Arfip1
1067,Gata4,Arhgef4
1068,Gata4,Atxn3
1069,Gata4,Atxn7
1070,Gata4,Ccnf
1071,Gata4,Dffb
1072,Gata4,Dnmt1
1073,Gata4,Efhc1
1074,Gata4,Etaa1
1075,Gata4,Fam92b
1076,Gata4,Gper1
1077,Gata4,Iqsec1
1078,Gata4,Klf3
1079,Gata4,Lamc1
1080,Gata4,Mlh1
1081,Gata4,Ndufs1
1082,Gata4,Phldb1
1083,Gata4,Pnkp
1084,Gata4,Pus1
1085,Gata4,Rab10os
1086,Gata4,Ralgapa1
1087,Gata4,Rhbdl3
1088,Gata4,Scyl1
1089,Gata4,Sgpp2
1090,Gata4,Sh2b1
1091,Gata4,Skap1
1092,Gata4,Tmem14a
1093,Gata4,Tmem245
1094,Gata4,Trib1
1095,Gata4,Ttc9
1096,Gata4,Vsig10
1097,Gata4,Zcchc14
1098,Gata6,Arhgap21
1099,Gata6,Atp13a3
1100,Gata6,Dnajc1
1101,Gata6,Ebag9
1102,Gata6,Esco1
1103,Gata6,Mctp1
1104,Gata6,Raph1
1105,Gata6,Rnf146
1106,Gata6,Runx1t1
1107,Gata6,Sec62
1108,Gata6,Sertad2
1109,Gata6,Tiparp
1110,Gata6,Vdac3
1111,Gmeb2,2310022B05Rik
1112,Gmeb2,Cyba
1113,Gmeb2,Gca
1114,Gmeb2,Git1
1115,Gmeb2,Nol9
1116,Gmeb2,Reep3
1117,Gmeb2,Rrp15
1118,Gmeb2,Tet1
1119,Gmeb2,Zfp131
1120,Hif1a,Bex1
1121,Hif1a,Cbx7
1122,Hif1a,Cox20
1123,Hif1a,Cul1
1124,Hif1a,Dbp
1125,Hif1a,Ehmt1
1126,Hif1a,Frzb
1127,Hif1a,Gch1
1128,Hif1a,Gnpnat1
1129,Hif1a,Gtf2i
1130,Hif1a,Gyg
1131,Hif1a,Helz
1132,Hif1a,Kdelc2
1133,Hif1a,Kdm3a
1134,Hif1a,Megf9
1135,Hif1a,Mettl9
1136,Hif1a,Mnx1
1137,Hif1a,Ntpcr
1138,Hif1a,Odc1
1139,Hif1a,Ptprn2
1140,Hif1a,Rnf38
1141,Hif1a,Scaf8
1142,Hif1a,Sec24a
1143,Hif1a,Serinc3
1144,Hif1a,Smarcc1
1145,Hif1a,Specc1l
1146,Hif1a,Srsf1
1147,Hif1a,Supt3
1148,Hif1a,Tmem98
1149,Hif1a,Txlng
1150,Hif1a,Ube4a
1151,Hif1a,Usp34
1152,Hif1a,Vps8
1153,Hif1a,Xpot
1154,Hif1a,Zbtb4
1155,Hif1a,Zbtb43
1156,Hinfp,1600020E01Rik
1157,Hinfp,Amz2
1158,Hinfp,Ano10
1159,Hinfp,Cadm4
1160,Hinfp,Crmp1
1161,Hinfp,D930028M14Rik
1162,Hinfp,Eif4e3
1163,Hinfp,Esd
1164,Hinfp,Kctd8
1165,Hinfp,March6
1166,Hinfp,Ptpn13
1167,Hinfp,Rev1
1168,Hinfp,Slc25a36
1169,Hinfp,Srrm4
1170,Hinfp,Tmem135
1171,Hltf,Aen
1172,Hltf,Atp7a
1173,Hltf,Bmpr1a
1174,Hltf,Cebpg
1175,Hltf,Fut8
1176,Hltf,Get4
1177,Hltf,Leprot
1178,Hltf,Lrrc20
1179,Hltf,Mcoln3
1180,Hltf,Mecp2
1181,Hltf,Mon2
1182,Hltf,Morc4
1183,Hltf,Mpped2
1184,Hltf,Nbea
1185,Hltf,Neurod1
1186,Hltf,Pclo
1187,Hltf,Prkcz
1188,Hltf,Prpf40b
1189,Hltf,Rnaseh2b
1190,Hltf,Rps6ka1
1191,Hltf,Rrbp1
1192,Hltf,Sec14l1
1193,Hltf,Ssbp4
1194,Hltf,Tshz3
1195,Hltf,Yes1
1196,Hltf,Zfyve16
1197,Hnf1a,4930451G09Rik
1198,Hnf1a,Abcf1
1199,Hnf1a,Acbd4
1200,Hnf1a,Ak1
1201,Hnf1a,Aldh9a1
1202,Hnf1a,Bphl
1203,Hnf1a,Camk2b
1204,Hnf1a,Casc4
1205,Hnf1a,Ccdc90b
1206,Hnf1a,Cebpg
1207,Hnf1a,Cited1
1208,Hnf1a,Cmss1
1209,Hnf1a,Cog5
1210,Hnf1a,Copz1
1211,Hnf1a,Csf2ra
1212,Hnf1a,Dlgap5
1213,Hnf1a,Dnajc6
1214,Hnf1a,E2f3
1215,Hnf1a,Eps8
1216,Hnf1a,Fam131a
1217,Hnf1a,Fam198a
1218,Hnf1a,Fbxo33
1219,Hnf1a,Fdx1
1220,Hnf1a,Gprc5a
1221,Hnf1a,Hsph1
1222,Hnf1a,Ipo11
1223,Hnf1a,Itm2a
1224,Hnf1a,Itsn2
1225,Hnf1a,Jak1
1226,Hnf1a,Kifc3
1227,Hnf1a,Lamc2
1228,Hnf1a,Malt1
1229,Hnf1a,Mlec
1230,Hnf1a,Mycl
1231,Hnf1a,Myo10
1232,Hnf1a,Pamr1
1233,Hnf1a,Pdlim5
1234,Hnf1a,Pnpt1
1235,Hnf1a,Prkd2
1236,Hnf1a,Rab3d
1237,Hnf1a,Snx2
1238,Hnf1a,Spry4
1239,Hnf1a,St3gal3
1240,Hnf1a,Tdg
1241,Hnf1a,Tec
1242,Hnf1a,Tsc1
1243,Hnf1a,Tspan33
1244,Hnf1a,Tyw5
1245,Hnf1a,Urb1
1246,Hnf1a,Vps4b
1247,Hnf1a,Wdr89
1248,Hnf1a,Zfp28
1249,Hnf1a,Zfp438
1250,Hnf1a,Zfp810
1251,Hnf1b,Pde10a
1252,Hnf4a,C330006A16Rik
1253,Hnf4a,C330018D20Rik
1254,Hnf4a,Cadps
1255,Hnf4a,Crlf2
1256,Hnf4a,Dnajc10
1257,Hnf4a,Erdr1
1258,Hnf4a,Fank1
1259,Hnf4a,Flnb
1260,Hnf4a,Galnt11
1261,Hnf4a,Hyls1
1262,Hnf4a,Kctd18
1263,Hnf4a,Map3k10
1264,Hnf4a,Miat
1265,Hnf4a,Mttp
1266,Hnf4a,Nrip3
1267,Hnf4a,Osbpl3
1268,Hnf4a,Phactr2
1269,Hnf4a,Plekhg1
1270,Hnf4a,Pomgnt1
1271,Hnf4a,Rasgef1b
1272,Hnf4a,Rps6ka2
1273,Hnf4a,Sepsecs
1274,Hnf4a,Sh3bgr
1275,Hnf4a,Sik3
1276,Hnf4a,Slc52a3
1277,Hnf4a,Sqrdl
1278,Hnf4a,Srbd1
1279,Hnf4a,Try4
1280,Hnf4a,Zfhx3
1281,Hnf4a,Zfp354c
1282,Hnf4a,Zfp748
1283,Ikzf2,Arf2
1284,Ikzf2,Map7d2
1285,Ikzf2,Ncdn
1286,Ikzf2,Ppp2r2b
1287,Ikzf2,Ptp4a1
1288,Ikzf2,Rab3gap1
1289,Ikzf2,Smad3
1290,Ikzf2,Zfp654
1291,Ilf2,1110002L01Rik
1292,Ilf2,1110012L19Rik
1293,Ilf2,Adipor1
1294,Ilf2,Amd2
1295,Ilf2,Ankrd12
1296,Ilf2,Bmi1
1297,Ilf2,Camk2n2
1298,Ilf2,Ccnh
1299,Ilf2,Cct2
1300,Ilf2,Cfl1
1301,Ilf2,Cxxc5
1302,Ilf2,Dync1i2
1303,Ilf2,Epcam
1304,Ilf2,Exosc4
1305,Ilf2,Fam60a
1306,Ilf2,Fbxo33
1307,Ilf2,Gpatch8
1308,Ilf2,Grasp
1309,Ilf2,H2afv
1310,Ilf2,Homer2
1311,Ilf2,Ifitm2
1312,Ilf2,Itsn2
1313,Ilf2,Jmjd1c
1314,Ilf2,Kdm5a
1315,Ilf2,Kif16b
1316,Ilf2,Ktn1
1317,Ilf2,Map1lc3b
1318,Ilf2,Mrpl20
1319,Ilf2,Nasp
1320,Ilf2,Nefm
1321,Ilf2,Nudc
1322,Ilf2,Olfm1
1323,Ilf2,Papola
1324,Ilf2,Pgrmc1
1325,Ilf2,Phtf2
1326,Ilf2,Pnrc1
1327,Ilf2,Ptma
1328,Ilf2,Rnf4
1329,Ilf2,Rsf1
1330,Ilf2,Sept7
1331,Ilf2,Serinc1
1332,Ilf2,Shoc2
1333,Ilf2,Smn1
1334,Ilf2,Snrpe
1335,Ilf2,St8sia2
1336,Ilf2,Strn3
1337,Ilf2,Tax1bp1
1338,Ilf2,Tead2
1339,Ilf2,Tfip11
1340,Ilf2,Txnrd3
1341,Ilf2,Ube2q2
1342,Ilf2,Ubxn4
1343,Ilf2,Vezf1
1344,Ilf2,Yy1
1345,Ing4,Hgsnat
1346,Ing4,Mcm3
1347,Ing4,Rhobtb3
1348,Ing4,Tjp1
1349,Irf8,2700081O15Rik
1350,Irf8,Baiap2
1351,Irf8,Epb42
1352,Irf8,Fbrs
1353,Irf8,Fscn1
1354,Irf8,Hpca
1355,Irf8,Iba57
1356,Irf8,Kcnip3
1357,Irf8,Mcam
1358,Irf8,Msi2
1359,Irf8,Neat1
1360,Irf8,Noxa1
1361,Irf8,Nr2f6
1362,Irf8,Pop4
1363,Irf8,Ret
1364,Irf8,Rhpn2
1365,Irf8,Rtkn
1366,Irf8,Scamp2
1367,Irf8,Snx8
1368,Irf8,Tbk1
1369,Irf9,Chd3
1370,Irf9,Paip1
1371,Irf9,Slc24a5
1372,Irf9,Sox9
1373,Isl1,Meg3
1374,Isl1,Mid1ip1
1375,Isl1,Peg10
1376,Junb,Actg1
1377,Junb,Adk
1378,Junb,Alox5ap
1379,Junb,Arc
1380,Junb,Aven
1381,Junb,Btg2
1382,Junb,Cacna1c
1383,Junb,Cartpt
1384,Junb,Cerk
1385,Junb,Cish
1386,Junb,Coro1c
1387,Junb,Crip2
1388,Junb,Dusp1
1389,Junb,Hhex
1390,Junb,Ier2
1391,Junb,Ifitm1
1392,Junb,Irf2bpl
1393,Junb,Itm2b
1394,Junb,Jun
1395,Junb,Jund
1396,Junb,Kit
1397,Junb,Lgals3
1398,Junb,Macrod1
1399,Junb,Malat1
1400,Junb,Myo10
1401,Junb,Nab2
1402,Junb,Pcdh1
1403,Junb,Pim1
1404,Junb,Plac8
1405,Junb,Pold4
1406,Junb,Ppil3
1407,Junb,Rreb1
1408,Junb,Stat6
1409,Junb,Susd4
1410,Junb,Tcirg1
1411,Junb,Tmem181a
1412,Junb,Tnrc6b
1413,Junb,Tob1
1414,Junb,Tsc22d1
1415,Junb,Ttc39a
1416,Junb,Zfp710
1417,Jund,Actg1
1418,Jund,Cck
1419,Jund,Ier2
1420,Jund,Malat1
1421,Jund,Rbfox3
1422,Jund,Runx1t1
1423,Klf10,Rabgap1
1424,Klf16,Atxn2
1425,Klf16,Casp3
1426,Klf16,Csnk1g1
1427,Klf16,Dhx32
1428,Klf16,Eps15
1429,Klf16,Lnpep
1430,Klf16,Mctp1
1431,Klf16,Nrxn1
1432,Klf16,Papolg
1433,Klf16,Scyl2
1434,Klf16,Sema6d
1435,Klf16,Skil
1436,Klf16,Zswim6
1437,Klf4,Abca1
1438,Klf4,Arx
1439,Klf4,B3galt5
1440,Klf4,Tbc1d1
1441,Klf4,Tmx4
1442,Klf5,Alkbh5
1443,Klf5,Asb7
1444,Klf5,Cacna1h
1445,Klf5,Cbln1
1446,Klf5,Ddx59
1447,Klf5,Ephb6
1448,Klf5,Gmds
1449,Klf5,Marveld3
1450,Klf5,Mfsd7b
1451,Klf5,Nipsnap3b
1452,Klf5,Pdk1
1453,Klf5,Pnpla8
1454,Klf5,Prpsap2
1455,Klf5,Rabgap1l
1456,Klf5,Rbfox3
1457,Klf5,Tmem246
1458,Klf7,App
1459,Klf7,Cenpj
1460,Klf7,Chd6
1461,Klf7,D930028M14Rik
1462,Klf7,Dcbld2
1463,Klf7,Dlgap3
1464,Klf7,Ercc6l2
1465,Klf7,Fbxl19
1466,Klf7,Gm15417
1467,Klf7,Hp1bp3
1468,Klf7,Kmt2a
1469,Klf7,Kmt2e
1470,Klf7,Mettl15
1471,Klf7,Mpp7
1472,Klf7,Mto1
1473,Klf7,Pdgfd
1474,Klf7,Pkp4
1475,Klf7,Ppp4r1
1476,Klf7,Rgs2
1477,Klf7,Rhoa
1478,Klf7,Ring1
1479,Klf7,Socs5
1480,Klf7,Spata6
1481,Klf7,Tmem167
1482,Klf7,Tmem200a
1483,Klf7,Tnip1
1484,Klf7,Ttc3
1485,Klf7,Ube2g1
1486,Klf7,Zfp638
1487,Klf9,Cpeb1
1488,Klf9,Fgf12
1489,Klf9,Fndc3a
1490,Klf9,Lats1
1491,Klf9,Luzp1
1492,Klf9,Nfyc
1493,Kmt2b,Cpsf6
1494,Kmt2b,Crlf2
1495,Kmt2b,Focad
1496,Kmt2b,Hsf2
1497,Kmt2b,Lin7a
1498,Kmt2b,Lyst
1499,Kmt2b,Map4
1500,Kmt2b,Nr4a2
1501,Kmt2b,Polr3e
1502,Kmt2b,Rasal2
1503,Kmt2b,Shank2
1504,Kmt2b,Slc22a23
1505,Kmt2b,Slf1
1506,Kmt2b,Son
1507,Kmt2b,Ubn1
1508,Lhx1,Atp11c
1509,Lhx1,Celf3
1510,Lhx1,Dgkb
1511,Lhx1,Foxp4
1512,Lhx1,Gata6
1513,Lhx1,Kcnh2
1514,Lhx1,Lhx1os
1515,Lhx1,Neurod2
1516,Lhx1,Nr2f6
1517,Lhx1,Pabpc1
1518,Lhx1,Rims2
1519,Lhx1,Sox9
1520,Lhx1,Tmem128
1521,Lhx1,Tmem206
1522,Lmx1b,Prickle1
1523,Maff,Bex2
1524,Maff,Eef1a1
1525,Maff,Eps8
1526,Maff,Fam53c
1527,Maff,Foxp1
1528,Maff,Gbe1
1529,Maff,Hnrnpf
1530,Maff,Map1b
1531,Maff,Nab2
1532,Maff,Rfx3
1533,Maff,Rhod
1534,Maff,Zcchc12
1535,Maff,Zfp518a
1536,Mafg,Nek1
1537,Mafg,Rps6ka3
1538,Max,2810474O19Rik
1539,Max,Crebzf
1540,Max,Fam208b
1541,Max,Gnai1
1542,Max,Jade3
1543,Max,Mob4
1544,Max,Morf4l2
1545,Max,Pkn2
1546,Max,Sgol1
1547,Max,Siah1b
1548,Max,Tiparp
1549,Max,Usp10
1550,Maz,1700025G04Rik
1551,Maz,Atf2
1552,Maz,Ccne2
1553,Maz,Ccser2
1554,Maz,Chd3os
1555,Maz,Cse1l
1556,Maz,Ddx59
1557,Maz,Dym
1558,Maz,Errfi1
1559,Maz,Fermt2
1560,Maz,Gpr162
1561,Maz,Hnrnpf
1562,Maz,Inpp1
1563,Maz,Ldb1
1564,Maz,Lin54
1565,Maz,Mapre3
1566,Maz,Mpped2
1567,Maz,Pygo1
1568,Maz,Rab3ip
1569,Maz,Rbpj
1570,Maz,Rimkla
1571,Maz,Rock1
1572,Maz,Scaf11
1573,Maz,Sv2c
1574,Maz,Tbl1x
1575,Maz,Tmem135
1576,Maz,Tox3
1577,Maz,Ube3a
1578,Maz,Usp38
1579,Maz,Wdr81
1580,Maz,Zdhhc9
1581,Maz,Zfp516
1582,Maz,Zfp706
1583,Meox1,Peg10
1584,Meox1,Zfp462
1585,Mnx1,Gnas
1586,Mnx1,Meg3
1587,Mnx1,Mgst3
1588,Mnx1,Pdx1
1589,Mnx1,Tshz1
1590,Mxd4,Atxn7l3b
1591,Mxd4,Rbm17
1592,Mxd4,Rlim
1593,Mxd4,Wapl
1594,Mxi1,Cacna2d1
1595,Mxi1,Cecr2
1596,Mxi1,Gkap1
1597,Mxi1,Isl1
1598,Mxi1,Mpped2
1599,Mxi1,Mtdh
1600,Mxi1,Ppp1r12a
1601,Mxi1,Sema3c
1602,Mxi1,Sept7
1603,Mxi1,Steap1
1604,Mxi1,Tex30
1605,Mxi1,Tle1
1606,Mxi1,Ube2j1
1607,Mxi1,Zdhhc21
1608,Mxi1,Zfp706
1609,Mzf1,0610010F05Rik
1610,Mzf1,Ankhd1
1611,Mzf1,Asap2
1612,Mzf1,Atf7ip
1613,Mzf1,Car8
1614,Mzf1,Chd6
1615,Mzf1,Cnr1
1616,Mzf1,Cpne3
1617,Mzf1,Elavl2
1618,Mzf1,Ero1l
1619,Mzf1,Gigyf2
1620,Mzf1,Hectd1
1621,Mzf1,Mtpap
1622,Mzf1,Ppp1r9a
1623,Mzf1,Rabgap1l
1624,Mzf1,Rad51ap2
1625,Mzf1,Sh3glb1
1626,Mzf1,Slc35g2
1627,Mzf1,Tgfbr1
1628,Mzf1,Wnt5b
1629,Nfatc2,Amd1
1630,Nfatc2,Fam160b1
1631,Nfatc2,Gm15417
1632,Nfatc2,Lbp
1633,Nfatc2,Pan3
1634,Nfatc3,3110002H16Rik
1635,Nfatc3,B4galt1
1636,Nfatc3,Top1mt
1637,Nfatc3,Vrk1
1638,Nfe2l2,Akr1e1
1639,Nfe2l2,Atxn1
1640,Nfe2l2,Dis3l
1641,Nfia,Bcl6b
1642,Nfia,Cald1
1643,Nfia,Hipk2
1644,Nfia,Katnbl1
1645,Nfia,Nfib
1646,Nfia,Pi4kb
1647,Nfia,Spcs3
1648,Nfia,St5
1649,Nfic,Amz2
1650,Nfic,Bcor
1651,Nfic,C2cd4c
1652,Nfic,Caap1
1653,Nfic,Cacna2d1
1654,Nfic,Golga7
1655,Nfic,Krt19
1656,Nfic,Lrrc29
1657,Nfic,Mafg
1658,Nfic,Msl1
1659,Nfic,Mtx2
1660,Nfic,Myo1b
1661,Nfic,Nck2
1662,Nfic,Nim1k
1663,Nfic,Nod1
1664,Nfic,Nptx1
1665,Nfic,Pabpc5
1666,Nfic,Pafah1b1
1667,Nfic,Prpf39
1668,Nfic,Senp7
1669,Nfic,Sh3kbp1
1670,Nfic,Snap25
1671,Nfic,Tbc1d4
1672,Nfic,Tmcc1
1673,Nfic,Tmem184c
1674,Nfic,Usp45
1675,Nfya,Epb41l5
1676,Nfya,Rap2a
1677,Nfya,Rev1
1678,Nfyb,Fkbp4
1679,Nfyb,Osbpl1a
1680,Nfyc,Ccnb1
1681,Nfyc,Cnr1
1682,Nfyc,Cul3
1683,Nfyc,Dap3
1684,Nfyc,Ddit4l
1685,Nfyc,Dnajc1
1686,Nfyc,Ift88
1687,Nfyc,Klhl24
1688,Nfyc,Ncam1
1689,Nfyc,Nck1
1690,Nfyc,Ppp3cb
1691,Nfyc,Steap2
1692,Nfyc,Syne1
1693,Nfyc,Trim59
1694,Nhlh1,C2cd4c
1695,Nhlh1,Crmp1
1696,Nhlh1,Gse1
1697,Nhlh1,Hpca
1698,Nhlh1,Ik
1699,Nhlh1,Neurod2
1700,Nhlh1,Pacs2
1701,Nhlh1,Ppib
1702,Nhlh1,Sulf2
1703,Nhlh1,Sult2b1
1704,Nhlh1,Zfp703
1705,Nkx6-1,Btg1
1706,Nkx6-1,Camk2n1
1707,Nkx6-1,Chgb
1708,Nkx6-1,Cldn23
1709,Nkx6-1,Ctnnbip1
1710,Nkx6-1,Flrt1
1711,Nkx6-1,Gipr
1712,Nkx6-1,Gnas
1713,Nkx6-1,Gspt1
1714,Nkx6-1,Insm1
1715,Nkx6-1,Lingo1
1716,Nkx6-1,Mafb
1717,Nkx6-1,Malat1
1718,Nkx6-1,Mapk4
1719,Nkx6-1,Mapkapk2
1720,Nkx6-1,Mnx1
1721,Nkx6-1,Npepl1
1722,Nkx6-1,Papss2
1723,Nkx6-1,Pdx1
1724,Nkx6-1,Pou3f4
1725,Nkx6-1,Ptk2
1726,Nkx6-1,Ptprf
1727,Nkx6-1,Shox2
1728,Nkx6-1,Smarca2
1729,Nkx6-1,Sox4
1730,Nkx6-1,Sox9
1731,Nkx6-1,Syt16
1732,Nkx6-1,Sytl4
1733,Nkx6-1,Tubb3
1734,Nkx6-1,Ube2e3
1735,Nkx6-1,Vapb
1736,Nr1h4,5033417F24Rik
1737,Nr1h4,Cacnb2
1738,Nr1h4,Carm1
1739,Nr1h4,Deaf1
1740,Nr1h4,Erlin1
1741,Nr1h4,Foxj2
1742,Nr1h4,Gxylt1
1743,Nr1h4,Hsd17b4
1744,Nr1h4,Mgll
1745,Nr1h4,Nsun4
1746,Nr1h4,Ptpro
1747,Nr1h4,Stau1
1748,Nr2f2,1110037F02Rik
1749,Nr2f2,Abtb2
1750,Nr2f2,Ankrd28
1751,Nr2f2,Atp11c
1752,Nr2f2,Dnttip2
1753,Nr2f2,Etv5
1754,Nr2f2,Fam117b
1755,Nr2f2,Fam13b
1756,Nr2f2,Fbxo44
1757,Nr2f2,Gtpbp2
1758,Nr2f2,Icmt
1759,Nr2f2,Inpp1
1760,Nr2f2,Macrod2
1761,Nr2f2,Magi2
1762,Nr2f2,Mapk1ip1l
1763,Nr2f2,Mbd5
1764,Nr2f2,Nfat5
1765,Nr2f2,Nfia
1766,Nr2f2,Nup153
1767,Nr2f2,Peli1
1768,Nr2f2,Ppfia3
1769,Nr2f2,Prpf40b
1770,Nr2f2,Rlim
1771,Nr2f2,Tmem106b
1772,Nr2f2,Tmem164
1773,Nr2f2,Trim8
1774,Nr2f2,Ubn2
1775,Nr2f2,Usf3
1776,Nr2f2,Uty
1777,Nr2f2,Zfp91
1778,Nr3c1,2310068J16Rik
1779,Nr3c1,Abi1
1780,Nr3c1,Adamts9
1781,Nr3c1,Adra2a
1782,Nr3c1,Armc5
1783,Nr3c1,Atg16l2
1784,Nr3c1,Cds1
1785,Nr3c1,Cep350
1786,Nr3c1,Cpeb4
1787,Nr3c1,Crybb1
1788,Nr3c1,Ctdspl2
1789,Nr3c1,Dusp5
1790,Nr3c1,Fbxo10
1791,Nr3c1,Fdft1
1792,Nr3c1,Gm2115
1793,Nr3c1,Got2
1794,Nr3c1,Il11
1795,Nr3c1,Lrrn1
1796,Nr3c1,Man2b2
1797,Nr3c1,Mipol1
1798,Nr3c1,Morc4
1799,Nr3c1,Mospd1
1800,Nr3c1,Mpp5
1801,Nr3c1,Mrps18a
1802,Nr3c1,Msl3
1803,Nr3c1,Paip1
1804,Nr3c1,Ppp6r2
1805,Nr3c1,Rab2a
1806,Nr3c1,Rnf152
1807,Nr3c1,Robo1
1808,Nr3c1,Rrbp1
1809,Nr3c1,Sil1
1810,Nr3c1,Slc36a4
1811,Nr3c1,Slc7a14
1812,Nr3c1,Sox13
1813,Nr3c1,Tle3
1814,Nr3c1,Ung
1815,Nr3c1,Xkr6
1816,Nr3c1,Xpr1
1817,Nr3c1,Zyg11b
1818,Onecut2,Zswim8
1819,Pax4,1110012L19Rik
1820,Pax4,Actb
1821,Pax4,Actg1
1822,Pax4,App
1823,Pax4,Btf3
1824,Pax4,Btg2
1825,Pax4,Cacna2d1
1826,Pax4,Cadm1
1827,Pax4,Camk2n1
1828,Pax4,Capza2
1829,Pax4,Casz1
1830,Pax4,Ccdc88a
1831,Pax4,Cck
1832,Pax4,Cd24a
1833,Pax4,Cdc14b
1834,Pax4,Cdc42
1835,Pax4,Cdk4
1836,Pax4,Chd3
1837,Pax4,Chd4
1838,Pax4,Chgb
1839,Pax4,Cldn23
1840,Pax4,Cnksr3
1841,Pax4,Cnot6l
1842,Pax4,Cnot7
1843,Pax4,Cops2
1844,Pax4,Cox7a2l
1845,Pax4,Csnk1g3
1846,Pax4,Cxxc5
1847,Pax4,Cyb5r3
1848,Pax4,Cyth2
1849,Pax4,D930028M14Rik
1850,Pax4,Dnaja2
1851,Pax4,Dst
1852,Pax4,Eef2
1853,Pax4,Eif2b2
1854,Pax4,Eif4b
1855,Pax4,Eif4g2
1856,Pax4,Eml4
1857,Pax4,Esrp1
1858,Pax4,Flrt1
1859,Pax4,Foxp1
1860,Pax4,Foxp4
1861,Pax4,Fxr1
1862,Pax4,Gad1
1863,Pax4,Gse1
1864,Pax4,Gspt1
1865,Pax4,Hbp1
1866,Pax4,Hdac7
1867,Pax4,Hnrnpa1
1868,Pax4,Hnrnpd
1869,Pax4,Hnrnpk
1870,Pax4,Hpca
1871,Pax4,Hpcal1
1872,Pax4,Hsp90ab1
1873,Pax4,Hspa8
1874,Pax4,Ifitm2
1875,Pax4,Igsf8
1876,Pax4,Irf2bpl
1877,Pax4,Jun
1878,Pax4,Jund
1879,Pax4,Kcnh2
1880,Pax4,Klf13
1881,Pax4,Kmt2e
1882,Pax4,Krt7
1883,Pax4,Krt8
1884,Pax4,Ldb1
1885,Pax4,Lhx1
1886,Pax4,Lingo1
1887,Pax4,Lrrc42
1888,Pax4,Map1b
1889,Pax4,Marcksl1
1890,Pax4,Mfap4
1891,Pax4,Msi1
1892,Pax4,Myt1
1893,Pax4,Neurod2
1894,Pax4,Nipbl
1895,Pax4,Nkx6-1
1896,Pax4,Ocln
1897,Pax4,Olfm1
1898,Pax4,Pabpc1
1899,Pax4,Pcbp2
1900,Pax4,Plk2
1901,Pax4,Pnrc1
1902,Pax4,Ppp3ca
1903,Pax4,Prdm16
1904,Pax4,Prrc2b
1905,Pax4,Ptms
1906,Pax4,Ptprs
1907,Pax4,Raly
1908,Pax4,Rassf3
1909,Pax4,Rbfox3
1910,Pax4,Rbm17
1911,Pax4,Rgs17
1912,Pax4,Rhobtb3
1913,Pax4,Rimbp2
1914,Pax4,Rpl18a
1915,Pax4,Rpl21
1916,Pax4,Rpl28
1917,Pax4,Rpl32
1918,Pax4,Rpl37a
1919,Pax4,Rpl4
1920,Pax4,Rpl5
1921,Pax4,Rpl7
1922,Pax4,Rpl9
1923,Pax4,Rplp0
1924,Pax4,Rps23
1925,Pax4,Rps3a1
1926,Pax4,Rps9
1927,Pax4,Runx1t1
1928,Pax4,Sept7
1929,Pax4,Sertad2
1930,Pax4,Sf3b1
1931,Pax4,Sh3glb1
1932,Pax4,Siah1a
1933,Pax4,Smad1
1934,Pax4,Smad2
1935,Pax4,Sox4
1936,Pax4,Srek1
1937,Pax4,St3gal6
1938,Pax4,Stmn1
1939,Pax4,Sulf2
1940,Pax4,Sult2b1
1941,Pax4,Tax1bp1
1942,Pax4,Tmem63b
1943,Pax4,Top1
1944,Pax4,Tox3
1945,Pax4,Trib1
1946,Pax4,Trp53i11
1947,Pax4,Ubald2
1948,Pax4,Vasp
1949,Pax4,Whrn
1950,Pax4,Ywhaz
1951,Pax4,Zcchc11
1952,Pax4,Zfand3
1953,Pax4,Zfand5
1954,Pax4,Zfp703
1955,Pax4,Zfp91
1956,Pax6,Abhd17b
1957,Pax6,Aftph
1958,Pax6,Akap11
1959,Pax6,Akirin2
1960,Pax6,Ankrd12
1961,Pax6,Asah1
1962,Pax6,Atp1b3
1963,Pax6,Bclaf1
1964,Pax6,Btbd10
1965,Pax6,Cnbp
1966,Pax6,Crebrf
1967,Pax6,Csde1
1968,Pax6,Csnk1a1
1969,Pax6,Dpy30
1970,Pax6,Eef1a1
1971,Pax6,Ep400
1972,Pax6,Epc2
1973,Pax6,Ets2
1974,Pax6,Ewsr1
1975,Pax6,Fam208a
1976,Pax6,Fam214a
1977,Pax6,Fbxl3
1978,Pax6,Foxo1
1979,Pax6,Fxr1
1980,Pax6,Gabpb1
1981,Pax6,Gnai1
1982,Pax6,Gnas
1983,Pax6,Golim4
1984,Pax6,Gpbp1
1985,Pax6,Grb10
1986,Pax6,Grb14
1987,Pax6,Hacd1
1988,Pax6,Hdgf
1989,Pax6,Hdgfrp3
1990,Pax6,Hnrnpd
1991,Pax6,Hnrnpk
1992,Pax6,Hnrnpr
1993,Pax6,Hspa4l
1994,Pax6,Isl1
1995,Pax6,Jak1
1996,Pax6,Klhl23
1997,Pax6,Luc7l2
1998,Pax6,Lysmd3
1999,Pax6,Map2k4
2000,Pax6,Map9
2001,Pax6,March8
2002,Pax6,Met
2003,Pax6,Mfhas1
2004,Pax6,Mid1ip1
2005,Pax6,Mpped2
2006,Pax6,Ndfip2
2007,Pax6,Nfe2l2
2008,Pax6,Nmt2
2009,Pax6,Nucks1
2010,Pax6,Paip2
2011,Pax6,Pfn2
2012,Pax6,Pgrmc1
2013,Pax6,Phip
2014,Pax6,Ppp1r2
2015,Pax6,Ppp2ca
2016,Pax6,Prkd3
2017,Pax6,Pskh1
2018,Pax6,Qrich1
2019,Pax6,Rad21
2020,Pax6,Rai2
2021,Pax6,Rap1b
2022,Pax6,Rasa1
2023,Pax6,Rbm27
2024,Pax6,Rbms1
2025,Pax6,Rdx
2026,Pax6,Rfx3
2027,Pax6,Rock1
2028,Pax6,Runx1t1
2029,Pax6,Scaf11
2030,Pax6,Senp6
2031,Pax6,Sh3rf1
2032,Pax6,Slc30a4
2033,Pax6,Spryd7
2034,Pax6,Srsf4
2035,Pax6,Srsf5
2036,Pax6,Tardbp
2037,Pax6,Tbca
2038,Pax6,Tet2
2039,Pax6,Tfdp2
2040,Pax6,Tob1
2041,Pax6,Top2b
2042,Pax6,Triqk
2043,Pax6,Tsc22d1
2044,Pax6,Ttc14
2045,Pax6,Ube2d2a
2046,Pax6,Ube2d3
2047,Pax6,Ube2e2
2048,Pax6,Ube2g1
2049,Pax6,Ube2k
2050,Pax6,Ube2n
2051,Pax6,Ubqln2
2052,Pax6,Ubxn2a
2053,Pax6,Vapa
2054,Pax6,Zc2hc1a
2055,Pax6,Zc3h13
2056,Pax6,Zc3h15
2057,Pax6,Zdbf2
2058,Pax6,Zfp148
2059,Paxip1,Tanc2
2060,Pdx1,1500009L16Rik
2061,Pdx1,1700086L19Rik
2062,Pdx1,1810013L24Rik
2063,Pdx1,Acvr1c
2064,Pdx1,Acyp2
2065,Pdx1,Adra2a
2066,Pdx1,Aldh9a1
2067,Pdx1,Anapc16
2068,Pdx1,Angpt2
2069,Pdx1,Atox1
2070,Pdx1,Atp1b1
2071,Pdx1,Canx
2072,Pdx1,Car8
2073,Pdx1,Cbr1
2074,Pdx1,Cd164
2075,Pdx1,Cdk2ap2
2076,Pdx1,Celf4
2077,Pdx1,Chgb
2078,Pdx1,Cln6
2079,Pdx1,Cox7b
2080,Pdx1,Ctnnb1
2081,Pdx1,Cytip
2082,Pdx1,Dap
2083,Pdx1,Dbpht2
2084,Pdx1,Dennd4c
2085,Pdx1,Dlk1
2086,Pdx1,Dnajc13
2087,Pdx1,Dnajc24
2088,Pdx1,Enpp2
2089,Pdx1,Ero1lb
2090,Pdx1,Exoc7
2091,Pdx1,F3
2092,Pdx1,Ffar4
2093,Pdx1,Foxo1
2094,Pdx1,Frzb
2095,Pdx1,Gm1976
2096,Pdx1,Gnas
2097,Pdx1,Gng12
2098,Pdx1,Gnpnat1
2099,Pdx1,Hadh
2100,Pdx1,Hdlbp
2101,Pdx1,Higd1a
2102,Pdx1,Hint1
2103,Pdx1,Hspb8
2104,Pdx1,Id2
2105,Pdx1,Igf2bp1
2106,Pdx1,Impa1
2107,Pdx1,Isl1
2108,Pdx1,Kcnk16
2109,Pdx1,Kcnmb2
2110,Pdx1,Kctd8
2111,Pdx1,Klhl32
2112,Pdx1,Lrp8
2113,Pdx1,Lrrc59
2114,Pdx1,Mafb
2115,Pdx1,Mapt
2116,Pdx1,Mcoln3
2117,Pdx1,Meg3
2118,Pdx1,Meis2
2119,Pdx1,Mnx1
2120,Pdx1,Mphosph6
2121,Pdx1,Mpp3
2122,Pdx1,Mrps21
2123,Pdx1,Mrps6
2124,Pdx1,Nckap1
2125,Pdx1,Ndufb11
2126,Pdx1,Nkx6-1
2127,Pdx1,Npepl1
2128,Pdx1,Nr3c1
2129,Pdx1,Oat
2130,Pdx1,Ociad2
2131,Pdx1,Ost4
2132,Pdx1,Pak3
2133,Pdx1,Papss2
2134,Pdx1,Pcsk1
2135,Pdx1,Pcsk2
2136,Pdx1,Pdgfa
2137,Pdx1,Pdia6
2138,Pdx1,Pea15a
2139,Pdx1,Pigp
2140,Pdx1,Pip5k1b
2141,Pdx1,Ppa2
2142,Pdx1,Ppp1r1a
2143,Pdx1,Prdx6
2144,Pdx1,Ptprm
2145,Pdx1,Pts
2146,Pdx1,Pyy
2147,Pdx1,Rabl6
2148,Pdx1,Rbm27
2149,Pdx1,Rbp4
2150,Pdx1,Rpn2
2151,Pdx1,S100a11
2152,Pdx1,Sbf2
2153,Pdx1,Scgn
2154,Pdx1,Sec61b
2155,Pdx1,Serf2
2156,Pdx1,Slc2a5
2157,Pdx1,Slc7a6
2158,Pdx1,Smim20
2159,Pdx1,Smyd2
2160,Pdx1,Sptbn1
2161,Pdx1,Srrm3
2162,Pdx1,Stag1
2163,Pdx1,Syt13
2164,Pdx1,Sytl4
2165,Pdx1,Tmem163
2166,Pdx1,Tmem256
2167,Pdx1,Tmem27
2168,Pdx1,Tmsb15b2
2169,Pdx1,Tram1
2170,Pdx1,Tshz1
2171,Pdx1,Tspan7
2172,Pdx1,Tubb2a
2173,Pdx1,Uba5
2174,Pdx1,Ubqln2
2175,Pdx1,Uso1
2176,Pdx1,Vgf
2177,Pdx1,Wipi1
2178,Pdx1,Zbtb20
2179,Phf20,Abhd17b
2180,Phf20,Actr3
2181,Phf20,Api5
2182,Phf20,Appl2
2183,Phf20,Atxn7l3b
2184,Phf20,Cap1
2185,Phf20,Chtop
2186,Phf20,Coa6
2187,Phf20,Dcaf6
2188,Phf20,Echdc1
2189,Phf20,Etv4
2190,Phf20,Hnrnpk
2191,Phf20,Ints3
2192,Phf20,Lrrfip2
2193,Phf20,Map3k11
2194,Phf20,Map4k5
2195,Phf20,Med14
2196,Phf20,Mok
2197,Phf20,Mrpl22
2198,Phf20,Mrps9
2199,Phf20,Pak2
2200,Phf20,Phf14
2201,Phf20,Prpf38b
2202,Phf20,Rfx3
2203,Phf20,Rnpc3
2204,Phf20,Smarcad1
2205,Phf20,Stard3nl
2206,Phf20,Stxbp3
2207,Phf20,Tiprl
2208,Phf20,Tmem230
2209,Phf20,Vrk1
2210,Phf20,Zfp248
2211,Plag1,Atxn2
2212,Plag1,Bbx
2213,Plag1,Cdk6
2214,Plag1,Ctcf
2215,Plag1,E330009J07Rik
2216,Plag1,Elf2
2217,Plag1,Kat6b
2218,Plag1,Msi2
2219,Plag1,Patz1
2220,Plag1,Rev3l
2221,Plag1,Upf2
2222,Plag1,Usp53
2223,Plag1,Zfp91
2224,Polr3a,Ctdspl
2225,Polr3a,Epb41l5
2226,Polr3a,Mex3c
2227,Polr3a,Plcd1
2228,Polr3a,Plpp7
2229,Polr3a,Tbcel
2230,Polr3a,Zfp664
2231,Pou2f1,Mlh1
2232,Pou2f1,Wdr7
2233,Pou2f1,Zfp574
2234,Pou3f1,Bcorl1
2235,Pou3f1,Mecom
2236,Pou3f1,Setd1b
2237,Pou3f1,Stk24
2238,Pura,Agpat5
2239,Pura,Aig1
2240,Pura,Ankrd12
2241,Pura,Bex4
2242,Pura,Btbd7
2243,Pura,Cep78
2244,Pura,Dap3
2245,Pura,Dhx32
2246,Pura,Dll4
2247,Pura,Dpp10
2248,Pura,Efcab2
2249,Pura,Eif2ak4
2250,Pura,Epb41l2
2251,Pura,Ero1l
2252,Pura,Fam171a1
2253,Pura,Katnbl1
2254,Pura,Klhl32
2255,Pura,Ndfip2
2256,Pura,Nsd1
2257,Pura,Osbpl6
2258,Pura,Pja2
2259,Pura,R3hdm1
2260,Pura,Rpp38
2261,Pura,Rusc2
2262,Pura,Slc7a6
2263,Pura,Suz12
2264,Pura,Tbc1d5
2265,Pura,Thrap3
2266,Pura,Tmem2
2267,Pura,U2af2
2268,Pura,Ugp2
2269,Pura,Usp53
2270,Pura,Vgf
2271,Pura,Zfp24
2272,Pura,Zfp292
2273,Pura,Zfr
2274,Rad21,Akr1e1
2275,Rad21,Cep83
2276,Rad21,Chgb
2277,Rad21,Dck
2278,Rad21,Dnajb6
2279,Rad21,Ep300
2280,Rad21,Fktn
2281,Rad21,Gapvd1
2282,Rad21,Ggnbp2
2283,Rad21,Grb14
2284,Rad21,Hmgn3
2285,Rad21,Kansl1
2286,Rad21,Klf4
2287,Rad21,Klhl32
2288,Rad21,March11
2289,Rad21,Med13
2290,Rad21,Mtus1
2291,Rad21,Ndfip2
2292,Rad21,Osbpl1a
2293,Rad21,Ppp1r14c
2294,Rad21,Rai2
2295,Rad21,Rpl9
2296,Rad21,Smad1
2297,Rad21,Snx13
2298,Rad21,Tbc1d23
2299,Rad21,Tmcc2
2300,Rad21,Ube2g1
2301,Rara,Ahcyl2
2302,Rara,Lamc2
2303,Rara,Pfkm
2304,Rara,Terf1
2305,Rarg,1810041L15Rik
2306,Rarg,Agpat2
2307,Rarg,Ccm2
2308,Rarg,Etv4
2309,Rarg,Foxk1
2310,Rarg,Gtpbp10
2311,Rarg,Hif3a
2312,Rarg,Ipo13
2313,Rarg,Myh10
2314,Rarg,Nsg1
2315,Rarg,Pcyt1a
2316,Rarg,Pmepa1
2317,Rarg,Prkx
2318,Rarg,Ptprs
2319,Rarg,Ric3
2320,Rarg,Zc3h4
2321,Rfx1,Ttc14
2322,Rfx3,Atf7ip
2323,Rfx3,Hdac7
2324,Rfx3,Mbnl1
2325,Rfx3,Mctp1
2326,Rfx3,Mrpl52
2327,Rfx3,Tfcp2
2328,Rfx5,Lmtk2
2329,Rfxank,Cyb561d2
2330,Rfxank,Fbxl3
2331,Rfxank,Gpbp1l1
2332,Rfxank,Kbtbd2
2333,Rfxank,Sgta
2334,Rfxank,Wdfy3
2335,Rxra,Leng8
2336,Rxra,March6
2337,Rxra,Mfsd12
2338,Rxra,Qsox1
2339,Rxra,Slc8a2
2340,Rxra,Tead1
2341,Rxra,Tmem179
2342,Rxrb,2410004B18Rik
2343,Smad1,Frem2
2344,Smad1,Smad3
2345,Smad1,Sult2b1
2346,Smad1,Wasf3
2347,Smad3,Fnip1
2348,Smad3,Msl2
2349,Smad3,Ncoa2
2350,Smad3,Prkacb
2351,Smad3,Rab22a
2352,Smad3,Slc7a2
2353,Smad3,Tulp4
2354,Smad3,Usp6nl
2355,Smad3,Zbtb18
2356,Smad4,Aldoc
2357,Smad4,Cfap97
2358,Smad4,Dmxl1
2359,Smad4,Elf2
2360,Smad4,Frmd4a
2361,Smad4,Gxylt1
2362,Smad4,Hmbox1
2363,Smad4,Kmt2e
2364,Smad4,Med7
2365,Smad4,Pcm1
2366,Smad4,Phactr2
2367,Smad4,Ralgapa2
2368,Smad4,Sox11
2369,Smad4,Usp9x
2370,Smad4,Vps33a
2371,Smad4,Wdr44
2372,Smarcc2,Arhgap39
2373,Smarcc2,Eps15
2374,Smarcc2,Eps8
2375,Smarcc2,Herpud2
2376,Smarcc2,Ints6
2377,Smarcc2,Mtmr3
2378,Smarcc2,Nipbl
2379,Smarcc2,Nova2
2380,Smarcc2,P4ha1
2381,Smarcc2,Pak3
2382,Smarcc2,Pak7
2383,Smarcc2,Rock2
2384,Smarcc2,Stard6
2385,Smarcc2,Zc3h4
2386,Sox11,Irs2
2387,Sox4,Actg1
2388,Sox4,Casz1
2389,Sox4,Cdk4
2390,Sox4,Cyth2
2391,Sox4,Gspt1
2392,Sox4,Neurod2
2393,Sox4,Ppib
2394,Sox4,Ptma
2395,Sox4,Rps19
2396,Sox4,Rps23
2397,Sox4,Rps7
2398,Sox4,Tmem176b
2399,Sox6,Atxn1l
2400,Sox6,Hnrnpu
2401,Sox6,Lrrcc1
2402,Sox6,Mapk4
2403,Sox6,Senp8
2404,Sox6,Sesn1
2405,Sox6,Skil
2406,Sox6,Tshz3
2407,Sp1,Bclaf1
2408,Sp2,Acsl3
2409,Sp2,Adcy6
2410,Sp2,Ammecr1
2411,Sp2,Apoo
2412,Sp2,Armc1
2413,Sp2,Irs4
2414,Sp2,Kmt2e
2415,Sp2,Lats1
2416,Sp2,Lrrc42
2417,Sp2,Ndc1
2418,Sp2,Phc2
2419,Sp2,Rps6ka3
2420,Sp2,Rsf1
2421,Sp2,Sept7
2422,Sp2,Zfp266
2423,Sp4,Arhgap12
2424,Sp4,Arnt2
2425,Sp4,Cpeb1
2426,Sp4,Fnip1
2427,Sp4,Gpbp1l1
2428,Sp4,Pnpla8
2429,Sp4,Polr3d
2430,Sp4,Ppm1h
2431,Sp4,Scyl2
2432,Srebf1,Agtpbp1
2433,Srebf1,Arhgef33
2434,Srebf1,Cnot6l
2435,Srebf1,Faxc
2436,Srebf1,Fbxo9
2437,Srebf1,Fchsd1
2438,Srebf1,Map9
2439,Srebf1,Mtmr3
2440,Srebf1,Pex5l
2441,Srebf1,Pls3
2442,Srebf1,Ppp1r17
2443,Srebf1,Rere
2444,Srebf1,Rnft1
2445,Srebf1,Sel1l
2446,Srebf1,Stard3
2447,Srebf1,Txndc5
2448,Srebf1,Ubxn4
2449,Srebf2,Agfg1
2450,Srebf2,Atad2b
2451,Srebf2,Avl9
2452,Srebf2,Clip1
2453,Srebf2,Cnnm2
2454,Srebf2,Cul3
2455,Srebf2,Hmgcs1
2456,Srebf2,Ift88
2457,Srebf2,Nfyc
2458,Srebf2,Pkn2
2459,Srebf2,Prkacb
2460,Srebf2,Rbm6
2461,Srebf2,Senp1
2462,Srebf2,Smc6
2463,Srebf2,Zfp532
2464,Srebf2,Zmym2
2465,Stat1,Asnsd1
2466,Stat1,Avpi1
2467,Stat1,E130308A19Rik
2468,Stat1,Erf
2469,Stat1,Fancf
2470,Stat1,Lap3
2471,Stat1,Nmd3
2472,Stat1,Parp6
2473,Stat1,Plekhf2
2474,Stat1,Ppip5k2
2475,Stat1,Ppp2r3a
2476,Stat1,Ptgr2
2477,Stat1,Slc39a10
2478,Stat1,Slf1
2479,Stat1,Snrk
2480,Stat1,Snx9
2481,Stat5a,Slc39a11
2482,Stat5a,Snx32
2483,Stat6,1110037F02Rik
2484,Stat6,2410018L13Rik
2485,Stat6,Aggf1
2486,Stat6,Ahctf1
2487,Stat6,Ap2b1
2488,Stat6,Appl1
2489,Stat6,Arf6
2490,Stat6,Armcx3
2491,Stat6,Bloc1s5
2492,Stat6,C920006O11Rik
2493,Stat6,Cadm1
2494,Stat6,Cdk1
2495,Stat6,Chmp5
2496,Stat6,Det1
2497,Stat6,Dnajb9
2498,Stat6,Dusp8
2499,Stat6,Eif5b
2500,Stat6,Etf1
2501,Stat6,Fbxo28
2502,Stat6,Gigyf2
2503,Stat6,Hbegf
2504,Stat6,Ifitm1
2505,Stat6,Il17ra
2506,Stat6,Ino80c
2507,Stat6,Irf2
2508,Stat6,Junb
2509,Stat6,Kdm2b
2510,Stat6,Klhl26
2511,Stat6,Lactb
2512,Stat6,Larp4b
2513,Stat6,Lhfpl4
2514,Stat6,Man1c1
2515,Stat6,Mapkbp1
2516,Stat6,Mfsd5
2517,Stat6,Mnt
2518,Stat6,Nek7
2519,Stat6,Nxt2
2520,Stat6,Pofut1
2521,Stat6,Polr3e
2522,Stat6,Prkx
2523,Stat6,Ptpn9
2524,Stat6,Rcc1
2525,Stat6,Sept9
2526,Stat6,Sestd1
2527,Stat6,Ube2d2a
2528,Stat6,Ubtd2
2529,Stat6,Usp7
2530,Stat6,Vps45
2531,Stat6,Xk
2532,Stat6,Ywhae
2533,Stat6,Zbtb7b
2534,Stat6,Zdhhc4
2535,Stat6,Zfp512b
2536,Stat6,Zfp523
2537,Taf6,Arhgap26
2538,Taf6,Cryba2
2539,Taf6,Ext1
2540,Taf6,Fnbp1
2541,Taf6,Inip
2542,Taf6,Ktn1
2543,Taf6,Lonp2
2544,Taf6,Minpp1
2545,Taf6,Phtf1
2546,Taf6,Pkp4
2547,Taf6,Prep
2548,Taf6,Ptbp2
2549,Taf6,Ptpro
2550,Taf6,Rragd
2551,Taf6,Tank
2552,Taf6,Tjp3
2553,Taf6,Usp29
2554,Taf6,Zfp668
2555,Taf6,Zmym2
2556,Taf6,Zscan18
2557,Tbp,Atp11a
2558,Tbp,C2cd2
2559,Tbp,Ghr
2560,Tbp,Lancl1
2561,Tbp,Mrps6
2562,Tbp,Pigv
2563,Tbp,Rab10os
2564,Tbp,Slc40a1
2565,Tbp,Slc4a8
2566,Tbp,Tmem168
2567,Tcf3,Arhgap39
2568,Tcf3,Arid3a
2569,Tcf3,Atad1
2570,Tcf3,Basp1
2571,Tcf3,Ezh2
2572,Tcf3,Fam13b
2573,Tcf3,Ints6
2574,Tcf3,Kctd18
2575,Tcf3,Pabpc1
2576,Tcf3,Pcm1
2577,Tcf3,Raly
2578,Tcf3,Rock2
2579,Tcf3,Ssb
2580,Tcf3,Strn3
2581,Tcf3,Ubxn7
2582,Tcf4,Apc
2583,Tcf4,Tspan14
2584,Tcf7l1,Efna5
2585,Tcf7l1,Map3k1
2586,Tcf7l1,Pip5k1b
2587,Tcf7l1,Stx17
2588,Tfap4,Chrm3
2589,Tfap4,Fbxo8
2590,Tfap4,Herc1
2591,Tfap4,Klhl24
2592,Tfcp2,Exd2
2593,Tfcp2,Heatr5a
2594,Tfcp2,Manea
2595,Tfcp2,Steap2
2596,Tfcp2,Xpr1
2597,Thap11,1190002N15Rik
2598,Thap11,1600020E01Rik
2599,Thap11,Arhgap39
2600,Thap11,Cmpk1
2601,Thap11,Nucks1
2602,Thap11,Pank3
2603,Thap11,Ptpn21
2604,Thap11,Sp4
2605,Thap11,Ube2r2
2606,Thap11,Ubtd2
2607,Thap11,Vapa
2608,Thap11,Zc3h15
2609,Thap11,Zfp280d
2610,Thra,Cpm
2611,Thra,March11
2612,Thra,Osgin2
2613,Thra,Sp4
2614,Thra,Trip12
2615,Thrb,Adgrb3
2616,Thrb,Amd2
2617,Thrb,Ccnd2
2618,Thrb,Dpp10
2619,Thrb,Dusp16
2620,Thrb,Fmr1
2621,Thrb,Lcorl
2622,Thrb,Letm2
2623,Thrb,Nck1
2624,Thrb,Neo1
2625,Thrb,Ptpn13
2626,Thrb,Sema6d
2627,Thrb,Smg7
2628,Thrb,Snx16
2629,Thrb,Sv2c
2630,Thrb,Tmem164
2631,Thrb,Wls
2632,Thrb,Zfp711
2633,Usf1,3110043O21Rik
2634,Usf1,C1galt1
2635,Usf1,Fryl
2636,Usf1,Gphn
2637,Usf1,Gspt1
2638,Usf1,Lonrf1
2639,Usf1,Plekhg1
2640,Usf1,Scamp1
2641,Usf1,Ugdh
2642,Usf1,Zdhhc1
2643,Usf2,Arl6ip5
2644,Usf2,Mbd5
2645,Vdr,Ccnl1
2646,Vdr,Chgb
2647,Vdr,Cyth3
2648,Vdr,Dusp1
2649,Vdr,Eif1
2650,Vdr,Foxp1
2651,Vdr,Grb10
2652,Vdr,Grb7
2653,Vdr,Hmgn3
2654,Vdr,Mkrn1
2655,Vdr,Pax6
2656,Vdr,Ppp1r14c
2657,Vdr,Rpl26
2658,Vdr,Sh2b3
2659,Vezf1,Ap4s1
2660,Vezf1,Arhgap29
2661,Vezf1,Dcbld2
2662,Vezf1,Gpbp1
2663,Vezf1,Hnrnpll
2664,Vezf1,Kdm5b
2665,Vezf1,Luzp1
2666,Vezf1,Ncoa2
2667,Vezf1,Nfat5
2668,Vezf1,Rab10
2669,Vezf1,Rere
2670,Vezf1,Tab2
2671,Vezf1,Trim39
2672,Xbp1,1810058I24Rik
2673,Xbp1,2810428I15Rik
2674,Xbp1,9530068E07Rik
2675,Xbp1,A430005L14Rik
2676,Xbp1,Abr
2677,Xbp1,Acsl4
2678,Xbp1,Akr1e1
2679,Xbp1,Aldh7a1
2680,Xbp1,Aldh9a1
2681,Xbp1,Ankrd24
2682,Xbp1,Arf1
2683,Xbp1,Arfgef3
2684,Xbp1,Arhgef7
2685,Xbp1,Arid1a
2686,Xbp1,Atic
2687,Xbp1,Bbip1
2688,Xbp1,Bet1
2689,Xbp1,Bex4
2690,Xbp1,Blcap
2691,Xbp1,C2cd4a
2692,Xbp1,Calm2
2693,Xbp1,Canx
2694,Xbp1,Cdh1
2695,Xbp1,Celf4
2696,Xbp1,Commd1
2697,Xbp1,Copa
2698,Xbp1,Coq2
2699,Xbp1,Cpeb1
2700,Xbp1,Cycs
2701,Xbp1,Cytip
2702,Xbp1,Dad1
2703,Xbp1,Derl3
2704,Xbp1,Dnajb9
2705,Xbp1,Dnajc10
2706,Xbp1,Eif3j1
2707,Xbp1,Elp3
2708,Xbp1,F3
2709,Xbp1,Fam159b
2710,Xbp1,Fam174a
2711,Xbp1,Fancm
2712,Xbp1,Far1
2713,Xbp1,Farsa
2714,Xbp1,Fbln2
2715,Xbp1,Fbxl17
2716,Xbp1,Fkbp4
2717,Xbp1,Fmn2
2718,Xbp1,Fmnl3
2719,Xbp1,Fxyd6
2720,Xbp1,Ghr
2721,Xbp1,Gip
2722,Xbp1,Gltp
2723,Xbp1,Gmppb
2724,Xbp1,Gnas
2725,Xbp1,Gpd1l
2726,Xbp1,Gtf2i
2727,Xbp1,Guk1
2728,Xbp1,Higd1a
2729,Xbp1,Hspa5
2730,Xbp1,Iapp
2731,Xbp1,Ier3ip1
2732,Xbp1,Ins2
2733,Xbp1,Ipo11
2734,Xbp1,Ipo7
2735,Xbp1,Isl1
2736,Xbp1,Itm2b
2737,Xbp1,Kctd8
2738,Xbp1,Kdelr2
2739,Xbp1,Krtcap2
2740,Xbp1,Lman1
2741,Xbp1,Lrpap1
2742,Xbp1,Lyplal1
2743,Xbp1,Magt1
2744,Xbp1,Med29
2745,Xbp1,Mettl1
2746,Xbp1,Morf4l2
2747,Xbp1,Mre11a
2748,Xbp1,Mrps28
2749,Xbp1,Mthfd2
2750,Xbp1,Mydgf
2751,Xbp1,Ncam1
2752,Xbp1,Nelfe
2753,Xbp1,Nenf
2754,Xbp1,Nnat
2755,Xbp1,Noct
2756,Xbp1,Npnt
2757,Xbp1,Nucb1
2758,Xbp1,Ociad2
2759,Xbp1,Ostc
2760,Xbp1,P4hb
2761,Xbp1,Papss2
2762,Xbp1,Pawr
2763,Xbp1,Pdcl
2764,Xbp1,Pdia4
2765,Xbp1,Pdia5
2766,Xbp1,Pdia6
2767,Xbp1,Peg10
2768,Xbp1,Pex5l
2769,Xbp1,Phka1
2770,Xbp1,Pigt
2771,Xbp1,Pin1
2772,Xbp1,Pip5k1b
2773,Xbp1,Pkp4
2774,Xbp1,Plpp5
2775,Xbp1,Pofut2
2776,Xbp1,Ppil1
2777,Xbp1,Ppp3cb
2778,Xbp1,Prpf38a
2779,Xbp1,Prss50
2780,Xbp1,Prune2
2781,Xbp1,Pura
2782,Xbp1,Rab10os
2783,Xbp1,Rai1
2784,Xbp1,Rap1b
2785,Xbp1,Raver1
2786,Xbp1,Rbm47
2787,Xbp1,Rc3h2
2788,Xbp1,Rnase4
2789,Xbp1,Rnaset2a
2790,Xbp1,Rpl36al
2791,Xbp1,Rpn1
2792,Xbp1,Rpn2
2793,Xbp1,Scfd1
2794,Xbp1,Scg2
2795,Xbp1,Sec23b
2796,Xbp1,Sec24d
2797,Xbp1,Sec61b
2798,Xbp1,Serp1
2799,Xbp1,Serpine2
2800,Xbp1,Sgk1
2801,Xbp1,Shoc2
2802,Xbp1,Slc16a10
2803,Xbp1,Slc16a12
2804,Xbp1,Slc30a5
2805,Xbp1,Slc39a7
2806,Xbp1,Slc7a14
2807,Xbp1,Smim13
2808,Xbp1,Sntg2
2809,Xbp1,Spag9
2810,Xbp1,Spcs2
2811,Xbp1,Srm
2812,Xbp1,Srp19
2813,Xbp1,Srp9
2814,Xbp1,Srprb
2815,Xbp1,Srsf7
2816,Xbp1,Ssr2
2817,Xbp1,Ssu72
2818,Xbp1,Sytl4
2819,Xbp1,Tmed2
2820,Xbp1,Tmed3
2821,Xbp1,Tmtc2
2822,Xbp1,Trip12
2823,Xbp1,Tssc4
2824,Xbp1,Ttc26
2825,Xbp1,Tubb2a
2826,Xbp1,Tubb4b
2827,Xbp1,Tusc3
2828,Xbp1,Uap1
2829,Xbp1,Uba5
2830,Xbp1,Ube2e1
2831,Xbp1,Ufc1
2832,Xbp1,Ufm1
2833,Xbp1,Urb1
2834,Xbp1,Vcp
2835,Xbp1,Vps35
2836,Xbp1,Wfs1
2837,Xbp1,Xpa
2838,Xbp1,Zfp275
2839,Xbp1,Zfp330
2840,Xbp1,Zfp639
2841,Ybx1,2010320M18Rik
2842,Ybx1,2210016F16Rik
2843,Ybx1,Actl6a
2844,Ybx1,Aldh7a1
2845,Ybx1,Anapc13
2846,Ybx1,Atp5h
2847,Ybx1,Atp6v0e
2848,Ybx1,B3gat3
2849,Ybx1,Bet1
2850,Ybx1,Bet1l
2851,Ybx1,Cap1
2852,Ybx1,Cct7
2853,Ybx1,Cdk2ap2
2854,Ybx1,Cfap126
2855,Ybx1,Coa6
2856,Ybx1,Cox5b
2857,Ybx1,Cox6b1
2858,Ybx1,Cox7b
2859,Ybx1,Cox8a
2860,Ybx1,Cytip
2861,Ybx1,Dda1
2862,Ybx1,Ddrgk1
2863,Ybx1,Dpm3
2864,Ybx1,Drg2
2865,Ybx1,Eif4e
2866,Ybx1,Eri3
2867,Ybx1,Exosc4
2868,Ybx1,Fam174a
2869,Ybx1,Fbxl17
2870,Ybx1,Fdps
2871,Ybx1,Ghr
2872,Ybx1,Gng4
2873,Ybx1,Gpr137b-ps
2874,Ybx1,H2afy
2875,Ybx1,Higd1a
2876,Ybx1,Hist1h2bc
2877,Ybx1,Itpa
2878,Ybx1,Kdelr2
2879,Ybx1,Mbtps1
2880,Ybx1,Meg3
2881,Ybx1,Mydgf
2882,Ybx1,Ndufa10
2883,Ybx1,Ndufb11
2884,Ybx1,Nipa1
2885,Ybx1,Nudt2
2886,Ybx1,Ostc
2887,Ybx1,Peg10
2888,Ybx1,Pfdn4
2889,Ybx1,Pfn1
2890,Ybx1,Phactr1
2891,Ybx1,Phb
2892,Ybx1,Pin1
2893,Ybx1,Pomp
2894,Ybx1,Rae1
2895,Ybx1,Rbck1
2896,Ybx1,Rfc2
2897,Ybx1,Ripply3
2898,Ybx1,Rpl22l1
2899,Ybx1,Rpn1
2900,Ybx1,Sar1a
2901,Ybx1,Scn8a
2902,Ybx1,Sdk2
2903,Ybx1,Sec24c
2904,Ybx1,Sesn3
2905,Ybx1,Slc38a4
2906,Ybx1,Snrpc
2907,Ybx1,Sptbn1
2908,Ybx1,Srp19
2909,Ybx1,Stard3nl
2910,Ybx1,Stt3a
2911,Ybx1,Stt3b
2912,Ybx1,Tex10
2913,Ybx1,Tmed10
2914,Ybx1,Tmed2
2915,Ybx1,Tomm40
2916,Ybx1,Tubg1
2917,Ybx1,Txnl1
2918,Ybx1,Ufc1
2919,Ybx1,Uqcrq
2920,Ybx1,Ywhab
2921,Ybx1,Zfat
2922,Ybx1,Zmat5
2923,Yy1,2210016F16Rik
2924,Yy1,Akirin2
2925,Yy1,Amz2
2926,Yy1,Appl1
2927,Yy1,Arl2bp
2928,Yy1,Bbx
2929,Yy1,Bcl10
2930,Yy1,Bnip3l
2931,Yy1,Camk2n2
2932,Yy1,Cnot3
2933,Yy1,Cntrl
2934,Yy1,Cops2
2935,Yy1,Disp1
2936,Yy1,Eif3m
2937,Yy1,Evi5
2938,Yy1,Fxr1
2939,Yy1,Gjc1
2940,Yy1,H2afz
2941,Yy1,Hbp1
2942,Yy1,Hnf1b
2943,Yy1,Lmo4
2944,Yy1,Luc7l3
2945,Yy1,Mtmr3
2946,Yy1,Mtmr9
2947,Yy1,Nfya
2948,Yy1,Nr4a2
2949,Yy1,Ooep
2950,Yy1,Pcgf2
2951,Yy1,Peg3
2952,Yy1,Phf20
2953,Yy1,Phyhipl
2954,Yy1,Pi16
2955,Yy1,Pkn2
2956,Yy1,Pura
2957,Yy1,Pus3
2958,Yy1,Pxmp4
2959,Yy1,Rab14
2960,Yy1,Ralbp1
2961,Yy1,Rps14
2962,Yy1,Sf3b1
2963,Yy1,Snrpe
2964,Yy1,Srek1
2965,Yy1,Tbl1x
2966,Yy1,Tpbg
2967,Yy1,Tpp2
2968,Zbtb20,Adgra3
2969,Zbtb20,Ap1s2
2970,Zbtb20,Dennd4c
2971,Zbtb20,Dnajc13
2972,Zbtb20,Enah
2973,Zbtb20,Fbxl17
2974,Zbtb20,Fcho2
2975,Zbtb20,Hectd1
2976,Zbtb20,Hprt
2977,Zbtb20,Ing2
2978,Zbtb20,Kif21a
2979,Zbtb20,Mesdc1
2980,Zbtb20,Nckap1
2981,Zbtb20,Pam
2982,Zbtb20,Pkp4
2983,Zbtb20,Rap1a
2984,Zbtb20,Rap1b
2985,Zbtb20,Rbm27
2986,Zbtb20,Scaf11
2987,Zbtb20,Tab2
2988,Zbtb20,Usf3
2989,Zbtb20,Zeb1
2990,Zbtb20,Zmynd11
2991,Zbtb40,Mettl4
2992,Zbtb40,Mterf1b
2993,Zbtb40,Taf1a
2994,Zbtb7b,Dcx
2995,Zbtb7b,Dnaja1
2996,Zbtb7b,Hmgcs1
2997,Zbtb7b,Ino80d
2998,Zbtb7b,Med13l
2999,Zbtb7b,Nhlh1
3000,Zbtb7b,Pgap3
3001,Zbtb7b,Sox11
3002,Zbtb7b,Taok1
3003,Zbtb7b,Ube4b
3004,Zfp14,Cul3
3005,Zfp14,Fbxl3
3006,Zfp14,Homer1
3007,Zfp14,Hspa4l
3008,Zfp14,Mmaa
3009,Zfp14,Nrf1
3010,Zfp14,Psip1
3011,Zfp14,Qser1
3012,Zfp14,Rcbtb1
3013,Zfp14,Zfyve9
3014,Zfp280d,2810474O19Rik
3015,Zfp280d,AI846148
3016,Zfp280d,Afap1
3017,Zfp280d,Akap13
3018,Zfp280d,Clip4
3019,Zfp280d,Ctnna1
3020,Zfp280d,Cul2
3021,Zfp280d,Eed
3022,Zfp280d,Efna5
3023,Zfp280d,Fndc3b
3024,Zfp280d,Frmd4b
3025,Zfp280d,Grb14
3026,Zfp280d,Hnrnpr
3027,Zfp280d,Itgb1
3028,Zfp280d,Kras
3029,Zfp280d,Man1a
3030,Zfp280d,Mpp5
3031,Zfp280d,Mpp6
3032,Zfp280d,Mtus1
3033,Zfp280d,Ogdh
3034,Zfp280d,Ppp3cb
3035,Zfp280d,Ralgapb
3036,Zfp280d,Rbm17
3037,Zfp280d,Rock1
3038,Zfp280d,Sertad4
3039,Zfp280d,Smad1
3040,Zfp280d,Srsf4
3041,Zfp280d,Susd6
3042,Zfp280d,Syt14
3043,Zfp280d,Tra2a
3044,Zfp280d,Ubn1
3045,Zfp280d,Ugdh
3046,Zfp280d,Wnk1
3047,Zfp280d,Zc3h13
3048,Zfp354c,Blm
3049,Zfp354c,Csnk1g1
3050,Zfp354c,Cyp20a1
3051,Zfp354c,Fank1
3052,Zfp354c,Ggt7
3053,Zfp354c,Hnf4a
3054,Zfp354c,Hspa4l
3055,Zfp354c,Huwe1
3056,Zfp354c,Katna1
3057,Zfp354c,Osbpl3
3058,Zfp354c,Phf20
3059,Zfp354c,Rbm3os
3060,Zfp354c,Rfc5
3061,Zfp354c,Stx17
3062,Zfp354c,Taf15
3063,Zfp354c,Thoc2
3064,Zfp523,Camk2b
3065,Zfp523,Dcbld2
3066,Zfp523,Ebag9
3067,Zfp523,Exoc8
3068,Zfp523,Fbxw8
3069,Zfp523,Helz
3070,Zfp523,Ipo7
3071,Zfp523,Lims1
3072,Zfp523,Mars
3073,Zfp523,Nin
3074,Zfp523,Osbpl1a
3075,Zfp523,Pank3
3076,Zfp523,Parp4
3077,Zfp523,Per2
3078,Zfp523,Pja2
3079,Zfp523,Rrbp1
3080,Zfp523,Sema4d
3081,Zfp523,Sil1
3082,Zfp523,Smg7
3083,Zfp523,Sp4
3084,Zfp523,Tmed8
3085,Zfp523,Traf5
3086,Zfp523,Upf1
3087,Zfp523,Zcrb1
3088,Zfp523,Zmym4
3089,Zfp704,Atp13a3
3090,Zfp704,Csrp2bp
3091,Zfp704,Jak2
3092,Zfp704,Klhl15
3093,Zfp704,Map3k3
3094,Zfp704,Mapk8
3095,Zfp704,Pygo1
3096,Zfp704,Rbbp8
3097,Zfp704,Rcbtb2
3098,Zfp704,Ube2g1
3099,Zfp704,Zdhhc21
3100,Zfp704,Zmym5
3101,Zfp711,Adgra3
3102,Zfp711,Aftph
3103,Zfp711,Cpeb1
3104,Zfp711,Fut8
3105,Zfp711,Galnt3
3106,Zfp711,Hif1a
3107,Zfp711,Ints6
3108,Zfp711,Kctd9
3109,Zfp711,Lmo7
3110,Zfp711,Luc7l2
3111,Zfp711,Man1a2
3112,Zfp711,Map2k4
3113,Zfp711,Map2k5
3114,Zfp711,Mbnl1
3115,Zfp711,Plagl1
3116,Zfp711,Pskh1
3117,Zfp711,Ptpn2
3118,Zfp711,Rdx
3119,Zfp711,Rev3l
3120,Zfp711,Satb1
3121,Zfp711,Siah1a
3122,Zfp711,Socs5
3123,Zfp711,Ssb
3124,Zfp711,Stradb
3125,Zfp711,Tnpo1
3126,Zfp711,Yeats2
3127,Zfp711,Zfp639
3128,Zfp777,Apc
3129,Zfp777,Foxj3
3130,Zfp777,Slc39a10
3131,Zfp777,Tgfbr1
3132,Zfp777,Tlk2
3133,Zfp777,Zswim6
3134,Zfp932,A630072M18Rik
3135,Zfp932,Cd276
3136,Zfp932,Habp2
3137,Zfp932,Kif3b
3138,Zfp932,Mapk8ip2
3139,Zfp932,Msra
3140,Zfp932,Poldip3
3141,Zfp932,Rbbp8
3142,Zfp932,Rcor3
3143,Zfp932,Sec23b
3144,Zfp932,Sfxn5
3145,Zfp932,Sgms2
3146,Zfp932,Tmem131
3147,Zfp932,Zadh2
